,ticket_id,customer_name,comment,issue_type,response_time_min,customer_rating,resolved,priority,target_resolved_quickly
0,73523,Charlie,Good,Technical,73,4,Yes,1,Yes
1,48155,Eve,Bad,Delivery,177,3,Yes,4,Yes
2,16485,David,Bad,Return,171,2,Yes,5,Yes
3,93045,David,Good,Technical,163,1,Yes,4,Yes
4,71892,Alice,Bad,Billing,296,5,No,1,No
5,92603,Eve,Good,Technical,14,1,No,2,No
6,91370,David,Bad,Damaged,242,1,No,4,No
7,85677,Bob,Good,Return,222,3,Yes,2,No
8,23447,David,Neutral,Return,117,3,No,5,No
9,67281,Bob,Bad,Payment,202,3,Yes,2,Yes
10,39070,Charlie,Good,Technical,185,2,Yes,2,No
11,55255,Alice,Good,Damaged,149,3,No,2,Yes
12,26275,David,Neutral,Delivery,246,4,Yes,3,Yes
13,13745,Eve,Good,Shipping,52,1,Yes,4,No
14,74893,David,Good,Payment,137,3,No,5,Yes
15,49482,Bob,Neutral,Payment,123,5,Yes,2,Yes
16,60915,Charlie,Neutral,Billing,222,2,No,3,No
17,53678,Alice,Neutral,Shipping,273,1,No,2,No
18,10621,David,Bad,Delivery,101,4,No,1,No
19,51136,Charlie,Neutral,Billing,237,2,No,2,Yes
20,34065,Eve,Bad,Technical,139,1,No,2,Yes
21,47692,Bob,Bad,Damaged,103,1,No,2,Yes
22,33062,Alice,Good,Payment,101,5,No,1,Yes
23,91482,Alice,Neutral,Return,251,5,Yes,1,Yes
24,91219,Eve,Good,Payment,184,5,Yes,4,Yes
25,47545,Bob,Neutral,Shipping,115,3,Yes,4,No
26,89817,Charlie,Good,Damaged,90,3,Yes,1,Yes
27,19186,Alice,Neutral,Delivery,47,2,Yes,1,No
28,69100,Eve,Good,Return,224,3,Yes,3,Yes
29,33067,Alice,Neutral,Shipping,208,4,No,5,No
30,83369,Eve,Neutral,Technical,83,2,Yes,5,Yes
31,89166,Charlie,Neutral,Payment,90,4,Yes,2,No
32,77414,Bob,Good,Return,211,2,Yes,4,No
33,72284,David,Bad,Technical,8,2,Yes,5,No
34,54688,Charlie,Neutral,Delivery,177,2,Yes,2,No
35,18241,Bob,Bad,Technical,226,4,No,5,Yes
36,70733,Charlie,Neutral,Delivery,145,2,Yes,2,Yes
37,45904,David,Bad,Payment,208,5,Yes,1,Yes
38,52088,Bob,Good,Technical,245,4,No,4,Yes
39,35113,David,Neutral,Damaged,30,1,No,4,Yes
40,35910,Eve,Bad,Payment,57,5,No,3,Yes
41,96261,Bob,Neutral,Shipping,127,3,Yes,2,Yes
42,70444,Bob,Bad,Billing,114,5,Yes,1,Yes
43,95084,Alice,Bad,Return,220,2,Yes,3,No
44,33887,Alice,Neutral,Payment,30,3,No,2,No
45,47199,Charlie,Bad,Damaged,197,3,Yes,1,Yes
46,65617,David,Neutral,Return,163,3,Yes,3,No
47,91136,Alice,Good,Billing,269,1,No,3,No
48,96195,Eve,Neutral,Damaged,183,2,No,3,Yes
49,83362,Bob,Neutral,Payment,218,4,No,5,Yes
50,91096,David,Good,Billing,281,5,Yes,1,Yes
51,30599,Alice,Neutral,Shipping,243,1,No,5,Yes
52,79106,Alice,Bad,Technical,294,1,No,5,Yes
53,98268,Bob,Neutral,Payment,206,1,No,4,Yes
54,86967,Charlie,Neutral,Damaged,266,5,Yes,3,No
55,11307,Alice,Neutral,Billing,160,4,No,1,Yes
56,88734,Bob,Good,Shipping,78,4,Yes,3,No
57,79458,David,Neutral,Billing,92,4,Yes,4,No
58,35760,Bob,Good,Technical,164,3,No,1,Yes
59,95408,Bob,Bad,Technical,210,1,Yes,1,No
60,27590,Eve,Good,Return,47,5,No,5,Yes
61,31489,David,Neutral,Delivery,56,3,Yes,5,Yes
62,61875,Charlie,Bad,Return,108,1,No,1,Yes
63,65767,David,Bad,Billing,271,3,No,4,Yes
64,63933,David,Good,Payment,161,2,No,2,No
65,61178,Charlie,Bad,Shipping,24,3,No,1,No
66,78284,Alice,Good,Shipping,198,3,Yes,1,No
67,53214,David,Neutral,Shipping,114,2,Yes,4,Yes
68,16059,David,Bad,Return,122,2,No,5,Yes
69,16085,Bob,Good,Delivery,249,2,Yes,4,Yes
70,43689,Eve,Bad,Technical,116,3,No,5,Yes
71,20931,David,Neutral,Return,110,3,No,2,No
72,37632,Alice,Bad,Return,69,2,No,2,No
73,23296,David,Neutral,Damaged,25,1,Yes,3,Yes
74,95225,Bob,Neutral,Technical,58,5,Yes,2,Yes
75,80934,Alice,Good,Technical,276,5,Yes,2,Yes
76,91137,Eve,Bad,Return,226,5,Yes,2,Yes
77,76652,David,Neutral,Damaged,291,5,No,5,No
78,20583,Eve,Bad,Payment,93,1,No,4,No
79,79490,David,Bad,Shipping,103,5,No,3,No
80,71248,Alice,Bad,Shipping,291,2,Yes,1,Yes
81,44646,Charlie,Bad,Shipping,179,5,Yes,1,No
82,75784,David,Good,Damaged,30,1,Yes,2,No
83,53046,Bob,Bad,Shipping,259,4,Yes,4,No
84,94276,Eve,Bad,Return,208,4,Yes,4,No
85,85836,Alice,Bad,Billing,236,3,Yes,2,No
86,46306,Bob,Neutral,Billing,234,5,Yes,1,No
87,79592,Eve,Bad,Payment,242,1,No,5,No
88,10781,Charlie,Good,Shipping,252,3,No,4,Yes
89,16250,Eve,Good,Technical,100,1,No,1,No
90,10190,Bob,Neutral,Delivery,222,2,Yes,5,Yes
91,77791,Eve,Neutral,Damaged,183,4,No,3,Yes
92,29668,Bob,Good,Delivery,141,4,Yes,4,Yes
93,35788,Bob,Good,Return,109,2,No,1,No
94,89984,Eve,Good,Billing,108,2,Yes,4,Yes
95,68546,Alice,Good,Shipping,120,5,No,2,Yes
96,15930,Eve,Bad,Return,25,5,No,5,Yes
97,83889,David,Neutral,Payment,150,2,No,1,Yes
98,27607,Charlie,Good,Billing,124,3,Yes,4,Yes
99,79932,Charlie,Good,Billing,294,5,Yes,5,Yes
100,74375,Charlie,Bad,Delivery,254,4,No,2,No
101,13138,Alice,Good,Delivery,66,2,Yes,3,No
102,62911,Charlie,Bad,Shipping,137,5,Yes,5,No
103,13139,David,Bad,Billing,7,2,No,4,No
104,83558,Eve,Bad,Return,180,2,No,3,No
105,43342,Bob,Bad,Technical,243,3,Yes,5,No
106,86625,Alice,Neutral,Shipping,106,3,No,5,No
107,72373,Alice,Neutral,Shipping,203,3,No,4,Yes
108,24204,Bob,Bad,Payment,79,4,Yes,1,No
109,80117,Charlie,Neutral,Payment,274,1,Yes,5,Yes
110,52347,Alice,Bad,Damaged,79,3,No,1,No
111,71715,David,Bad,Damaged,130,1,Yes,3,Yes
112,88730,Alice,Bad,Payment,22,3,No,2,No
113,21786,Charlie,Good,Technical,267,3,No,5,Yes
114,73871,Alice,Bad,Damaged,154,2,Yes,4,No
115,38822,Bob,Bad,Delivery,184,5,No,2,Yes
116,30770,David,Good,Shipping,49,2,Yes,4,No
117,42298,Charlie,Good,Billing,202,2,No,3,Yes
118,96367,Eve,Good,Delivery,39,3,No,3,Yes
119,75682,David,Neutral,Shipping,231,2,No,5,No
120,18380,Bob,Neutral,Shipping,215,5,Yes,4,No
121,19615,Alice,Neutral,Payment,120,1,Yes,5,Yes
122,79920,Bob,Bad,Shipping,41,3,Yes,4,Yes
123,50527,Alice,Bad,Damaged,227,2,No,4,No
124,57158,David,Good,Billing,55,2,Yes,3,No
125,65763,David,Neutral,Payment,68,1,Yes,2,Yes
126,19230,Charlie,Bad,Shipping,295,4,Yes,4,Yes
127,64988,Bob,Bad,Shipping,106,5,No,3,No
128,89635,Eve,Bad,Shipping,156,2,No,5,Yes
129,53615,Eve,Neutral,Return,249,1,Yes,1,No
130,46614,Alice,Bad,Billing,176,4,Yes,2,Yes
131,70624,David,Good,Technical,7,3,Yes,3,No
132,46481,Bob,Neutral,Shipping,102,5,No,2,Yes
133,77282,Bob,Bad,Technical,222,2,Yes,1,Yes
134,42115,David,Neutral,Billing,70,5,Yes,5,Yes
135,69772,Alice,Good,Billing,282,3,Yes,1,Yes
136,38993,David,Neutral,Technical,195,2,No,5,No
137,34958,Charlie,Bad,Payment,240,1,Yes,1,Yes
138,63735,Alice,Neutral,Payment,205,5,Yes,1,Yes
139,73148,Charlie,Neutral,Technical,26,5,No,5,No
140,46427,Alice,Bad,Return,98,4,Yes,2,No
141,28662,Charlie,Good,Damaged,268,4,Yes,1,Yes
142,33509,Bob,Good,Damaged,180,3,No,5,Yes
143,53774,Bob,Neutral,Payment,245,2,Yes,3,No
144,54979,David,Neutral,Damaged,122,3,No,3,Yes
145,47463,Alice,Good,Technical,253,5,Yes,3,No
146,26981,Alice,Bad,Return,249,3,No,3,Yes
147,82796,David,Good,Delivery,79,3,Yes,1,No
148,95516,Alice,Bad,Technical,156,5,Yes,2,No
149,82943,David,Good,Billing,154,1,Yes,5,Yes
150,66047,Charlie,Bad,Return,140,2,Yes,4,No
151,26682,David,Neutral,Delivery,106,1,No,4,No
152,87646,Bob,Bad,Damaged,96,4,Yes,1,Yes
153,88284,Bob,Bad,Technical,115,2,Yes,2,Yes
154,16508,Eve,Good,Technical,185,1,Yes,4,Yes
155,19913,Alice,Good,Payment,227,2,Yes,1,No
156,71180,Alice,Bad,Delivery,197,3,No,3,No
157,19088,Alice,Good,Billing,123,1,Yes,1,No
158,57370,Bob,Bad,Damaged,49,5,No,1,Yes
159,90426,David,Bad,Shipping,221,2,No,5,Yes
160,63316,Alice,Bad,Damaged,255,3,Yes,1,Yes
161,37392,Alice,Good,Return,211,4,Yes,5,No
162,88949,Eve,Good,Billing,106,5,Yes,5,No
163,37909,David,Bad,Payment,264,2,Yes,5,Yes
164,76524,Eve,Bad,Damaged,203,4,No,2,Yes
165,95324,Bob,Bad,Shipping,81,5,Yes,1,Yes
166,57401,Charlie,Bad,Shipping,221,4,Yes,4,No
167,89777,David,Neutral,Payment,55,2,No,4,No
168,16690,Charlie,Good,Payment,146,3,Yes,4,Yes
169,68442,Eve,Good,Technical,293,5,No,5,Yes
170,94767,David,Neutral,Shipping,289,5,Yes,2,No
171,35580,Bob,Good,Return,74,1,No,3,No
172,38380,Eve,Bad,Billing,148,3,No,2,Yes
173,94589,Eve,Good,Return,34,3,No,4,Yes
174,38010,Bob,Neutral,Damaged,224,4,No,5,No
175,21621,Bob,Good,Billing,15,5,No,1,Yes
176,68330,Alice,Bad,Delivery,171,4,No,2,No
177,79973,David,Neutral,Damaged,28,3,No,4,Yes
178,92104,Alice,Neutral,Payment,139,1,No,4,Yes
179,73600,Charlie,Bad,Damaged,38,4,Yes,3,No
180,53095,Eve,Neutral,Delivery,148,4,No,4,Yes
181,83395,Bob,Bad,Payment,144,1,Yes,4,No
182,57747,Eve,Good,Delivery,136,4,Yes,1,Yes
183,17603,Charlie,Good,Damaged,66,2,Yes,3,Yes
184,99830,Eve,Bad,Return,65,1,No,5,Yes
185,95703,Eve,Bad,Delivery,293,4,No,4,No
186,67975,Alice,Bad,Shipping,201,3,No,2,Yes
187,36113,Charlie,Good,Return,272,1,Yes,3,Yes
188,80452,Bob,Good,Shipping,198,3,No,4,No
189,43662,Alice,Bad,Billing,235,4,No,3,No
190,45564,David,Bad,Payment,292,2,Yes,1,No
191,61632,David,Neutral,Billing,103,5,Yes,1,No
192,77331,Charlie,Good,Technical,83,2,No,3,Yes
193,65647,Eve,Neutral,Payment,116,5,Yes,4,No
194,38958,Bob,Neutral,Return,291,2,Yes,2,No
195,30794,Charlie,Neutral,Shipping,279,1,No,5,No
196,12078,Charlie,Neutral,Payment,225,4,No,4,Yes
197,99361,Eve,Bad,Return,36,3,No,5,No
198,42584,David,Good,Payment,134,4,Yes,5,Yes
199,55267,Eve,Bad,Technical,193,4,No,5,No
200,50747,Eve,Neutral,Technical,28,5,No,4,No
201,89488,Bob,Neutral,Billing,201,3,No,4,Yes
202,42601,Alice,Good,Technical,67,1,Yes,3,Yes
203,48812,Bob,Neutral,Shipping,270,5,Yes,5,Yes
204,44679,Charlie,Neutral,Return,156,2,Yes,4,No
205,63778,Alice,Bad,Technical,161,4,No,3,Yes
206,60960,Alice,Bad,Payment,179,2,No,4,Yes
207,94384,Alice,Good,Shipping,74,2,Yes,2,Yes
208,47202,Alice,Neutral,Damaged,155,5,No,4,Yes
209,28425,Eve,Good,Billing,288,1,Yes,1,No
210,65112,Eve,Good,Billing,264,1,Yes,1,Yes
211,67710,Alice,Good,Technical,78,3,Yes,4,No
212,86422,David,Bad,Shipping,291,5,Yes,3,No
213,84942,Bob,Neutral,Shipping,299,2,Yes,3,No
214,26522,Charlie,Good,Payment,149,3,No,1,No
215,55992,Alice,Bad,Billing,178,3,No,3,Yes
216,40717,Charlie,Neutral,Payment,172,5,Yes,2,No
217,58101,David,Neutral,Technical,90,5,Yes,5,No
218,98340,Charlie,Neutral,Shipping,233,5,No,4,Yes
219,82562,Alice,Neutral,Payment,22,2,Yes,4,Yes
220,42180,Alice,Neutral,Technical,163,4,Yes,4,No
221,26074,Alice,Neutral,Payment,232,1,Yes,4,Yes
222,54443,David,Bad,Damaged,209,2,Yes,3,Yes
223,76669,David,Neutral,Return,190,2,No,1,No
224,20469,Alice,Neutral,Return,178,2,Yes,3,No
225,15188,David,Neutral,Shipping,191,2,No,4,No
226,40646,David,Good,Billing,138,3,No,5,No
227,88872,Alice,Bad,Technical,194,4,No,5,No
228,73340,David,Good,Billing,286,1,Yes,3,Yes
229,78255,Bob,Good,Shipping,59,4,No,5,No
230,50129,Eve,Bad,Return,197,1,No,3,No
231,41461,Bob,Neutral,Delivery,80,1,Yes,5,No
232,12428,Charlie,Bad,Payment,165,5,No,5,No
233,69894,Eve,Bad,Damaged,252,4,Yes,3,Yes
234,50766,Charlie,Bad,Technical,232,4,No,5,No
235,48384,David,Good,Damaged,279,5,No,2,No
236,15076,Alice,Neutral,Shipping,229,3,No,2,Yes
237,35458,Bob,Neutral,Payment,87,4,No,3,Yes
238,35646,Eve,Neutral,Payment,273,3,Yes,3,No
239,30890,Eve,Bad,Return,57,1,Yes,5,Yes
240,71789,Charlie,Neutral,Return,122,4,Yes,5,No
241,77803,Eve,Bad,Shipping,137,2,No,2,No
242,39518,Eve,Bad,Technical,176,2,No,4,Yes
243,91302,David,Good,Delivery,193,4,No,1,Yes
244,67764,Alice,Neutral,Technical,239,4,No,2,Yes
245,24231,David,Neutral,Return,170,3,No,2,No
246,15697,Charlie,Bad,Delivery,176,5,No,4,No
247,45442,David,Neutral,Damaged,13,4,No,2,Yes
248,84852,David,Good,Damaged,121,5,No,2,No
249,55041,Bob,Bad,Damaged,222,5,Yes,4,Yes
250,68221,Eve,Good,Delivery,148,2,No,3,Yes
251,26223,Bob,Good,Delivery,241,2,Yes,5,Yes
252,84538,Charlie,Neutral,Damaged,196,2,Yes,2,Yes
253,55801,Alice,Good,Shipping,59,5,No,4,No
254,99974,Charlie,Good,Damaged,194,2,No,1,No
255,86586,Bob,Bad,Damaged,59,4,No,3,No
256,30126,Alice,Neutral,Technical,161,5,Yes,1,Yes
257,50222,Eve,Bad,Technical,24,5,Yes,3,No
258,77831,Bob,Bad,Billing,73,5,Yes,4,Yes
259,38002,Bob,Good,Delivery,12,3,No,4,No
260,26042,Alice,Bad,Technical,151,3,Yes,5,Yes
261,85785,Bob,Bad,Billing,211,1,Yes,4,No
262,85722,Bob,Bad,Billing,42,5,No,3,Yes
263,52558,Alice,Neutral,Billing,22,2,No,4,No
264,69412,Bob,Good,Delivery,103,2,Yes,2,Yes
265,57069,David,Neutral,Payment,143,4,Yes,1,No
266,31895,David,Bad,Billing,153,5,Yes,5,Yes
267,31201,Eve,Good,Shipping,157,1,Yes,4,No
268,81366,Bob,Good,Return,229,1,Yes,4,Yes
269,56043,David,Neutral,Shipping,91,1,No,4,No
270,89667,David,Good,Shipping,91,1,Yes,5,No
271,25584,Charlie,Neutral,Shipping,56,2,No,2,Yes
272,29422,Eve,Neutral,Billing,100,1,No,2,No
273,57599,Eve,Neutral,Return,294,2,Yes,4,No
274,84989,Alice,Neutral,Payment,144,1,Yes,1,No
275,31005,Charlie,Good,Delivery,251,5,Yes,5,Yes
276,97372,Charlie,Neutral,Damaged,222,4,Yes,1,No
277,25546,Eve,Good,Delivery,297,4,Yes,1,No
278,38444,David,Good,Delivery,85,2,No,1,Yes
279,28020,Eve,Good,Delivery,62,1,Yes,2,Yes
280,89463,Charlie,Bad,Damaged,174,3,No,4,Yes
281,88864,Alice,Neutral,Damaged,186,3,No,1,No
282,89353,Bob,Neutral,Payment,254,5,Yes,3,No
283,43703,Eve,Good,Return,290,2,Yes,1,No
284,11554,Eve,Bad,Billing,101,2,No,5,No
285,37744,Charlie,Neutral,Shipping,268,5,Yes,4,Yes
286,64626,David,Bad,Technical,10,5,Yes,4,Yes
287,86131,Alice,Bad,Return,38,5,Yes,3,Yes
288,73052,Charlie,Good,Technical,209,4,No,5,No
289,18214,Eve,Bad,Return,219,2,No,4,No
290,84464,Charlie,Good,Payment,18,5,Yes,2,No
291,99798,Eve,Bad,Return,140,4,No,2,No
292,73254,Bob,Good,Damaged,262,2,Yes,5,Yes
293,14156,Alice,Bad,Billing,132,5,No,1,Yes
294,99618,David,Bad,Billing,5,1,Yes,5,Yes
295,16346,Eve,Bad,Shipping,171,2,Yes,2,No
296,69697,David,Good,Delivery,244,3,Yes,3,Yes
297,11267,David,Neutral,Damaged,156,3,No,3,Yes
298,33013,Alice,Neutral,Billing,277,2,No,2,No
299,19303,Charlie,Neutral,Shipping,215,1,Yes,4,No
300,32505,Alice,Good,Return,293,4,No,4,Yes
301,66233,Alice,Bad,Payment,263,4,No,2,Yes
302,96404,Alice,Neutral,Damaged,159,3,Yes,2,Yes
303,98958,David,Neutral,Delivery,289,1,Yes,1,No
304,44734,Alice,Good,Billing,204,1,Yes,2,No
305,62581,David,Neutral,Delivery,217,2,No,4,No
306,88925,Bob,Neutral,Technical,107,4,Yes,3,Yes
307,85770,Charlie,Good,Shipping,261,5,No,4,Yes
308,72477,Eve,Neutral,Delivery,11,2,No,4,Yes
309,66648,Bob,Good,Delivery,175,1,Yes,3,Yes
310,98941,David,Neutral,Billing,262,5,Yes,2,Yes
311,41070,David,Neutral,Billing,36,2,No,5,No
312,66882,Charlie,Bad,Payment,189,4,Yes,1,Yes
313,42647,Eve,Bad,Return,140,2,Yes,4,No
314,33170,Bob,Good,Delivery,134,2,No,2,Yes
315,33656,Eve,Bad,Billing,247,4,Yes,3,Yes
316,57416,Bob,Good,Payment,82,2,No,2,No
317,14952,Bob,Bad,Damaged,208,5,Yes,5,No
318,33394,David,Bad,Payment,78,1,Yes,2,No
319,26185,Alice,Neutral,Billing,78,4,No,5,Yes
320,96468,Eve,Neutral,Delivery,102,4,Yes,2,No
321,53963,David,Neutral,Return,66,4,Yes,3,No
322,73564,Charlie,Good,Shipping,99,2,No,1,No
323,16067,Eve,Good,Payment,119,2,Yes,2,Yes
324,99631,Bob,Good,Technical,246,1,No,3,Yes
325,62253,Charlie,Bad,Damaged,121,5,Yes,5,No
326,34361,Alice,Bad,Return,275,4,Yes,1,No
327,94342,Alice,Good,Technical,6,5,Yes,2,No
328,67790,Charlie,Bad,Billing,39,1,No,5,No
329,89718,David,Neutral,Payment,72,5,Yes,3,Yes
330,64834,Charlie,Neutral,Payment,9,4,No,1,Yes
331,99183,David,Neutral,Billing,205,5,Yes,4,Yes
332,90142,Alice,Good,Delivery,241,1,Yes,4,Yes
333,34872,Bob,Neutral,Damaged,298,5,Yes,2,Yes
334,43183,David,Neutral,Return,100,3,Yes,4,No
335,60587,Bob,Neutral,Delivery,22,4,Yes,3,Yes
336,24288,David,Good,Shipping,279,2,Yes,4,No
337,42252,Eve,Good,Damaged,292,2,No,1,No
338,74429,Alice,Bad,Delivery,112,2,No,2,No
339,19903,David,Neutral,Return,278,4,No,3,Yes
340,98722,Charlie,Bad,Payment,111,3,No,5,Yes
341,13149,Eve,Bad,Technical,141,3,No,5,Yes
342,86885,Bob,Good,Shipping,294,5,Yes,1,No
343,67695,David,Good,Payment,177,4,No,1,Yes
344,28864,Bob,Neutral,Return,261,5,No,1,Yes
345,45803,Eve,Bad,Delivery,80,5,Yes,1,Yes
346,18003,Charlie,Neutral,Technical,76,3,No,1,Yes
347,35119,Alice,Good,Return,265,1,No,4,No
348,94105,Bob,Good,Return,177,3,Yes,1,Yes
349,33279,Alice,Neutral,Billing,26,5,No,2,Yes
350,17079,David,Good,Return,293,3,Yes,2,Yes
351,11684,Charlie,Bad,Payment,37,2,Yes,4,Yes
352,87076,Charlie,Bad,Return,89,4,No,1,Yes
353,10956,Eve,Bad,Payment,272,4,Yes,3,No
354,41076,Bob,Bad,Payment,221,5,Yes,3,No
355,21389,Eve,Good,Return,238,5,No,3,Yes
356,23730,Bob,Bad,Return,195,1,Yes,2,No
357,75245,Bob,Bad,Technical,189,3,No,3,No
358,23506,Bob,Good,Billing,22,1,Yes,2,Yes
359,59837,Eve,Good,Billing,11,4,Yes,1,No
360,30473,David,Bad,Payment,289,1,No,1,Yes
361,65034,David,Good,Shipping,199,1,Yes,1,Yes
362,27634,Alice,Good,Technical,80,4,No,2,Yes
363,19827,Charlie,Good,Shipping,78,1,Yes,5,No
364,72516,Bob,Neutral,Shipping,293,3,No,3,Yes
365,88304,Alice,Bad,Damaged,39,4,Yes,4,No
366,87640,Bob,Neutral,Billing,223,1,Yes,5,Yes
367,10151,Bob,Bad,Shipping,46,2,No,4,No
368,60140,Bob,Bad,Payment,155,2,Yes,4,No
369,58609,Eve,Good,Return,288,5,No,5,Yes
370,86649,Alice,Good,Delivery,8,1,No,1,No
371,88604,Eve,Good,Return,44,2,Yes,2,Yes
372,50433,David,Bad,Return,81,1,Yes,5,Yes
373,95091,Alice,Neutral,Return,272,5,No,4,No
374,90547,David,Neutral,Payment,191,4,Yes,3,No
375,60481,David,Neutral,Return,166,1,No,1,Yes
376,27832,Bob,Neutral,Billing,218,5,Yes,5,Yes
377,71634,Alice,Good,Payment,245,2,No,2,No
378,73887,David,Bad,Technical,198,5,Yes,1,Yes
379,94709,Charlie,Neutral,Technical,115,3,No,3,Yes
380,59234,David,Neutral,Return,54,4,Yes,5,Yes
381,31878,Charlie,Neutral,Return,77,2,No,2,No
382,50166,Charlie,Good,Delivery,99,4,No,4,Yes
383,68094,Eve,Neutral,Return,179,2,No,3,No
384,21712,Eve,Bad,Billing,256,1,Yes,5,Yes
385,66608,David,Neutral,Return,297,3,Yes,3,Yes
386,17992,David,Bad,Shipping,235,1,Yes,1,No
387,20663,Bob,Good,Payment,95,1,No,5,Yes
388,63843,Charlie,Bad,Delivery,74,4,No,1,No
389,29761,Bob,Bad,Payment,257,2,No,2,No
390,31718,David,Bad,Delivery,113,5,Yes,4,Yes
391,62393,David,Neutral,Billing,39,3,No,4,No
392,40497,Charlie,Neutral,Billing,177,4,Yes,3,No
393,68366,David,Good,Payment,255,1,Yes,4,Yes
394,91061,David,Neutral,Payment,16,2,Yes,1,No
395,58662,Alice,Neutral,Shipping,90,5,Yes,2,Yes
396,78599,Alice,Neutral,Delivery,176,1,Yes,2,No
397,97482,Eve,Neutral,Delivery,109,5,Yes,3,No
398,13198,Eve,Neutral,Technical,86,1,No,1,Yes
399,15939,Bob,Good,Return,166,1,No,4,Yes
400,37673,David,Neutral,Shipping,223,5,Yes,4,Yes
401,79558,Alice,Bad,Payment,239,3,No,3,Yes
402,61329,Charlie,Bad,Delivery,53,2,No,4,No
403,32137,Eve,Neutral,Billing,207,1,No,4,Yes
404,10513,Eve,Bad,Delivery,34,4,No,3,Yes
405,59702,Alice,Bad,Payment,151,4,Yes,5,No
406,41206,Eve,Bad,Delivery,146,4,No,2,No
407,65555,Bob,Bad,Delivery,289,3,No,2,Yes
408,97269,Eve,Bad,Delivery,110,5,Yes,2,Yes
409,30263,Alice,Good,Damaged,98,2,Yes,1,Yes
410,25494,Eve,Bad,Payment,34,1,No,2,No
411,51749,Charlie,Neutral,Payment,288,5,Yes,5,No
412,97894,Alice,Neutral,Payment,239,5,Yes,2,Yes
413,85794,Charlie,Good,Return,69,2,Yes,1,No
414,93184,Bob,Good,Payment,140,2,Yes,2,No
415,48438,Eve,Neutral,Payment,40,5,Yes,4,No
416,80713,Alice,Bad,Damaged,184,2,Yes,4,Yes
417,97099,Charlie,Good,Delivery,239,3,Yes,1,No
418,14373,Eve,Good,Payment,175,2,No,1,No
419,70864,David,Neutral,Payment,153,5,Yes,1,Yes
420,98983,Charlie,Good,Technical,116,3,No,2,No
421,10713,Bob,Neutral,Damaged,64,1,No,2,Yes
422,85686,David,Bad,Payment,227,4,Yes,2,No
423,75235,David,Neutral,Return,162,5,No,5,Yes
424,73712,Charlie,Neutral,Shipping,290,2,Yes,2,Yes
425,46889,Bob,Bad,Payment,110,4,Yes,4,Yes
426,79195,Alice,Bad,Delivery,193,3,No,3,Yes
427,44460,David,Neutral,Technical,80,2,No,4,Yes
428,98948,Bob,Good,Damaged,140,1,Yes,2,No
429,62480,Bob,Good,Damaged,171,5,Yes,5,No
430,46904,Alice,Neutral,Technical,153,1,No,5,Yes
431,14608,Eve,Neutral,Damaged,125,2,No,3,Yes
432,62645,Eve,Neutral,Delivery,41,5,Yes,3,Yes
433,35326,Bob,Bad,Damaged,62,4,No,2,Yes
434,23743,Eve,Bad,Technical,140,5,Yes,4,No
435,93574,Bob,Bad,Return,26,4,Yes,4,No
436,49918,Charlie,Neutral,Technical,214,4,Yes,3,No
437,47785,Charlie,Good,Billing,219,2,Yes,4,No
438,91048,Alice,Neutral,Return,247,3,No,2,No
439,11978,David,Bad,Damaged,163,3,No,3,Yes
440,79525,Charlie,Neutral,Technical,193,2,Yes,3,Yes
441,53128,Eve,Neutral,Return,87,1,No,3,No
442,64799,Eve,Neutral,Billing,287,4,No,1,Yes
443,31777,Charlie,Good,Delivery,198,3,Yes,4,Yes
444,14865,Eve,Good,Shipping,159,1,Yes,2,No
445,59339,Alice,Bad,Technical,197,3,No,4,No
446,92824,Charlie,Bad,Damaged,272,5,No,2,No
447,64118,Eve,Good,Technical,34,3,Yes,5,No
448,11958,Alice,Neutral,Shipping,69,4,Yes,3,Yes
449,60733,Eve,Bad,Delivery,142,5,Yes,3,Yes
450,53781,David,Neutral,Shipping,200,2,No,2,Yes
451,39522,Charlie,Good,Payment,161,2,Yes,2,Yes
452,75090,David,Neutral,Technical,255,5,Yes,2,No
453,47254,Bob,Good,Shipping,225,2,No,2,No
454,15221,Alice,Good,Return,15,2,No,1,Yes
455,31805,Charlie,Neutral,Shipping,132,2,No,2,Yes
456,17704,David,Neutral,Payment,145,5,No,3,No
457,98084,Eve,Neutral,Payment,231,5,Yes,1,No
458,71171,Eve,Neutral,Damaged,122,2,No,5,Yes
459,87858,Eve,Bad,Shipping,251,1,Yes,3,No
460,39578,David,Bad,Technical,284,3,No,5,No
461,44647,Eve,Good,Payment,45,3,Yes,5,Yes
462,79359,David,Bad,Payment,86,5,Yes,1,Yes
463,17263,Alice,Bad,Damaged,280,5,No,1,Yes
464,85305,Bob,Neutral,Technical,274,5,No,1,No
465,76767,David,Good,Damaged,273,2,No,1,Yes
466,63469,Bob,Bad,Technical,249,4,No,4,Yes
467,66150,Bob,Neutral,Delivery,178,5,No,5,No
468,90461,Bob,Neutral,Payment,92,3,Yes,1,No
469,67350,Charlie,Bad,Payment,173,3,Yes,2,Yes
470,43835,Charlie,Bad,Return,96,1,No,3,Yes
471,71919,Eve,Bad,Return,90,5,Yes,4,No
472,50439,Charlie,Neutral,Technical,25,1,Yes,5,No
473,60421,Eve,Good,Payment,19,2,No,3,No
474,94246,Eve,Good,Billing,284,5,No,5,No
475,78426,Alice,Good,Delivery,193,2,No,1,Yes
476,76011,David,Good,Payment,16,4,Yes,1,No
477,69849,Alice,Bad,Delivery,31,3,No,3,No
478,33402,David,Neutral,Delivery,64,1,Yes,2,Yes
479,30207,David,Neutral,Return,54,1,Yes,5,Yes
480,43209,Bob,Good,Shipping,64,4,No,5,Yes
481,33492,Charlie,Good,Delivery,20,3,Yes,2,No
482,16442,Bob,Bad,Payment,267,4,No,4,No
483,38362,Charlie,Bad,Delivery,100,5,Yes,4,No
484,60308,Alice,Good,Payment,205,5,No,3,Yes
485,48577,Alice,Neutral,Damaged,277,1,No,1,No
486,95421,Bob,Neutral,Technical,265,5,No,2,Yes
487,52306,Alice,Neutral,Technical,191,2,Yes,5,No
488,25352,Eve,Bad,Technical,227,2,Yes,1,Yes
489,49455,Bob,Bad,Return,137,4,No,2,No
490,57811,Charlie,Bad,Shipping,160,4,Yes,3,Yes
491,12632,Alice,Bad,Technical,276,1,No,1,Yes
492,63062,Charlie,Bad,Billing,118,4,No,1,Yes
493,55397,David,Neutral,Technical,85,4,No,3,Yes
494,74179,David,Neutral,Technical,207,3,No,2,No
495,80280,Alice,Neutral,Delivery,213,5,Yes,4,Yes
496,73829,Bob,Bad,Billing,183,5,No,5,No
497,32895,David,Neutral,Shipping,101,3,Yes,5,No
498,82316,Charlie,Bad,Shipping,90,3,No,4,Yes
499,21432,Eve,Bad,Damaged,296,5,No,4,No
500,45591,David,Good,Payment,204,4,Yes,4,No
501,51813,Bob,Neutral,Billing,252,4,No,2,No
502,73446,Charlie,Good,Technical,105,2,Yes,1,Yes
503,67029,Bob,Neutral,Delivery,248,2,No,2,No
504,48680,Alice,Bad,Technical,125,4,Yes,3,No
505,70561,Bob,Bad,Billing,261,1,No,2,No
506,23649,Charlie,Good,Shipping,128,5,Yes,2,No
507,60385,Eve,Neutral,Return,144,4,No,5,No
508,52463,Bob,Neutral,Damaged,44,5,Yes,3,No
509,98329,Eve,Neutral,Payment,9,1,No,3,Yes
510,84620,David,Bad,Billing,239,4,Yes,3,No
511,79112,Bob,Good,Shipping,277,5,No,5,No
512,17896,Bob,Neutral,Shipping,217,1,Yes,4,No
513,50656,Bob,Bad,Return,20,3,No,1,No
514,43556,David,Neutral,Damaged,90,4,No,1,No
515,38488,David,Good,Return,95,4,No,1,Yes
516,52296,David,Neutral,Damaged,83,4,No,3,Yes
517,20595,David,Good,Damaged,101,3,No,2,No
518,21171,Eve,Good,Shipping,59,1,Yes,3,No
519,36777,Bob,Bad,Technical,185,3,Yes,3,No
520,52622,David,Neutral,Payment,235,3,No,1,Yes
521,75282,Charlie,Neutral,Damaged,223,1,Yes,4,No
522,98951,Eve,Neutral,Shipping,107,1,Yes,5,No
523,32866,Charlie,Neutral,Return,112,2,No,3,Yes
524,21478,Alice,Neutral,Delivery,267,1,Yes,5,No
525,24376,Charlie,Bad,Damaged,246,4,Yes,5,Yes
526,72956,Alice,Good,Return,171,3,Yes,5,No
527,15150,Eve,Neutral,Technical,24,1,No,5,No
528,94429,Alice,Neutral,Delivery,297,5,No,4,No
529,53480,David,Neutral,Billing,268,5,No,3,Yes
530,99279,Alice,Neutral,Shipping,144,2,No,5,No
531,88973,Bob,Bad,Return,277,4,No,2,No
532,10488,David,Neutral,Return,141,5,Yes,5,No
533,20714,David,Neutral,Shipping,262,3,Yes,1,Yes
534,81617,Eve,Neutral,Shipping,207,5,Yes,3,No
535,78983,Eve,Good,Billing,268,4,Yes,4,Yes
536,51202,Charlie,Neutral,Shipping,297,4,No,1,Yes
537,19316,Bob,Neutral,Payment,63,3,Yes,3,Yes
538,50568,Charlie,Good,Damaged,41,2,No,2,Yes
539,62401,Alice,Neutral,Damaged,133,4,No,1,No
540,65353,David,Bad,Technical,251,1,No,2,Yes
541,61320,Charlie,Bad,Billing,132,5,No,5,No
542,67287,Alice,Good,Technical,74,4,Yes,2,Yes
543,87513,Charlie,Neutral,Payment,17,3,Yes,5,No
544,70211,Eve,Bad,Delivery,35,2,No,4,Yes
545,75423,Alice,Neutral,Technical,173,2,No,3,Yes
546,42267,Bob,Neutral,Delivery,12,2,Yes,1,No
547,39060,David,Good,Delivery,174,1,Yes,4,No
548,52593,David,Good,Payment,108,4,No,1,No
549,32792,Eve,Bad,Technical,192,4,No,3,No
550,39415,Charlie,Good,Damaged,235,4,No,3,Yes
551,95736,Eve,Good,Return,211,5,No,4,No
552,81985,Bob,Neutral,Payment,170,4,No,2,No
553,71017,Bob,Neutral,Billing,115,1,Yes,4,No
554,25571,Charlie,Bad,Delivery,15,5,No,3,Yes
555,63367,Eve,Good,Delivery,213,2,Yes,2,Yes
556,12622,Bob,Neutral,Payment,121,2,No,1,Yes
557,18874,Eve,Good,Damaged,87,1,No,3,Yes
558,77670,Bob,Bad,Technical,35,3,Yes,4,No
559,50937,Charlie,Bad,Technical,256,3,Yes,5,No
560,97773,Eve,Bad,Delivery,217,4,No,3,Yes
561,47800,Bob,Good,Technical,240,3,No,3,Yes
562,77890,Alice,Good,Delivery,13,2,No,2,Yes
563,84678,David,Good,Return,21,2,Yes,2,Yes
564,76076,Alice,Bad,Shipping,101,3,Yes,1,No
565,19288,David,Good,Payment,164,3,Yes,3,No
566,39800,David,Neutral,Shipping,78,2,Yes,1,No
567,39671,Alice,Neutral,Delivery,278,3,Yes,1,Yes
568,71596,Alice,Bad,Return,261,3,No,1,Yes
569,84104,Alice,Good,Technical,172,4,Yes,1,No
570,78567,David,Neutral,Technical,146,2,Yes,1,No
571,82403,Charlie,Bad,Payment,92,5,No,3,Yes
572,27723,Alice,Bad,Billing,147,4,No,2,No
573,38808,Alice,Good,Technical,179,5,Yes,4,Yes
574,44164,Charlie,Bad,Shipping,84,2,Yes,5,No
575,44260,Eve,Bad,Billing,98,5,Yes,3,Yes
576,71179,Bob,Good,Technical,258,3,No,1,Yes
577,94506,Bob,Good,Return,278,3,Yes,2,No
578,93515,Bob,Good,Payment,147,1,Yes,1,No
579,73336,Alice,Good,Billing,251,5,No,2,Yes
580,27152,Alice,Bad,Delivery,198,2,No,1,Yes
581,20854,Bob,Bad,Return,164,5,No,5,Yes
582,30516,Bob,Good,Billing,271,3,Yes,3,No
583,91972,Bob,Neutral,Return,86,4,No,4,Yes
584,38962,Alice,Bad,Return,179,4,No,4,Yes
585,52955,Eve,Good,Payment,257,1,Yes,3,No
586,40366,Bob,Neutral,Shipping,280,5,Yes,4,No
587,84353,Charlie,Good,Shipping,84,2,No,2,No
588,56499,Eve,Neutral,Return,52,2,No,5,No
589,47951,Bob,Good,Payment,287,5,No,5,No
590,49213,Alice,Good,Return,275,2,No,4,No
591,44499,Bob,Good,Shipping,50,3,Yes,3,No
592,18148,Bob,Bad,Payment,81,1,No,5,Yes
593,63224,Charlie,Bad,Return,228,4,No,5,Yes
594,74782,Bob,Neutral,Payment,120,2,No,3,Yes
595,62517,Charlie,Good,Delivery,122,3,Yes,4,No
596,69036,Eve,Good,Delivery,134,1,No,3,Yes
597,30291,Charlie,Good,Return,275,4,Yes,5,No
598,26747,Eve,Neutral,Damaged,132,1,No,2,No
599,96990,Eve,Good,Payment,37,1,Yes,5,No
600,62068,David,Good,Shipping,75,1,No,1,Yes
601,87622,Alice,Good,Delivery,187,3,No,4,No
602,31789,Charlie,Neutral,Damaged,222,2,Yes,4,No
603,37662,Alice,Bad,Damaged,190,1,Yes,5,Yes
604,49521,Charlie,Good,Shipping,253,4,No,1,No
605,50029,Alice,Bad,Shipping,242,5,No,3,No
606,55165,Eve,Neutral,Payment,136,1,Yes,3,Yes
607,37321,David,Neutral,Delivery,20,1,Yes,4,No
608,46918,Eve,Neutral,Shipping,291,1,Yes,5,Yes
609,21348,Alice,Bad,Billing,213,4,No,2,No
610,36288,Charlie,Good,Technical,38,2,No,3,Yes
611,42775,Eve,Neutral,Delivery,136,1,No,3,Yes
612,24517,David,Bad,Technical,233,5,Yes,5,No
613,65864,Bob,Good,Shipping,148,1,Yes,1,No
614,23308,Alice,Good,Delivery,27,1,Yes,5,Yes
615,51015,Alice,Good,Delivery,157,2,Yes,3,No
616,51493,David,Neutral,Delivery,287,5,No,1,No
617,61826,Charlie,Good,Technical,254,2,No,1,No
618,68582,Bob,Bad,Damaged,123,5,No,4,No
619,80333,Bob,Good,Return,159,4,Yes,4,No
620,91905,Bob,Neutral,Payment,153,3,Yes,4,No
621,83788,David,Bad,Delivery,75,5,No,2,No
622,15766,Bob,Bad,Technical,218,3,Yes,4,Yes
623,87501,Alice,Good,Return,43,2,No,4,No
624,10881,Alice,Good,Return,138,3,Yes,4,No
625,88676,Charlie,Neutral,Return,160,4,No,2,Yes
626,13178,Bob,Good,Billing,23,2,No,5,Yes
627,72163,David,Bad,Shipping,173,2,Yes,4,No
628,42114,David,Neutral,Payment,16,4,Yes,5,No
629,75258,Charlie,Bad,Billing,23,5,Yes,5,No
630,93495,Alice,Bad,Technical,227,3,No,3,No
631,24748,David,Good,Technical,191,3,Yes,5,No
632,82188,Charlie,Bad,Damaged,92,1,Yes,1,No
633,53639,Charlie,Good,Shipping,87,3,Yes,3,Yes
634,19412,Eve,Neutral,Billing,51,3,No,2,No
635,94525,Alice,Good,Technical,173,5,Yes,2,Yes
636,62509,Charlie,Neutral,Technical,193,5,Yes,4,No
637,74118,David,Good,Damaged,91,4,No,5,Yes
638,99871,David,Good,Delivery,44,1,No,5,Yes
639,47758,Bob,Neutral,Shipping,172,3,No,2,Yes
640,26791,Charlie,Bad,Billing,228,5,Yes,3,Yes
641,45495,Bob,Bad,Billing,99,3,No,5,Yes
642,48408,Alice,Neutral,Shipping,236,1,Yes,2,No
643,45538,Charlie,Good,Technical,49,1,No,4,Yes
644,62364,Charlie,Good,Delivery,41,1,No,3,Yes
645,86645,Bob,Good,Delivery,79,1,No,2,Yes
646,42866,Charlie,Bad,Billing,181,1,Yes,3,Yes
647,51396,Bob,Neutral,Payment,234,2,Yes,2,No
648,96892,Bob,Bad,Damaged,157,2,Yes,3,Yes
649,45028,Bob,Neutral,Damaged,175,3,No,3,No
650,61656,David,Bad,Return,65,5,Yes,4,No
651,35521,Alice,Good,Billing,222,2,No,1,Yes
652,18734,Alice,Neutral,Billing,143,2,Yes,1,No
653,95067,David,Neutral,Technical,8,1,Yes,5,Yes
654,56495,Charlie,Neutral,Technical,170,5,No,4,Yes
655,67836,Eve,Neutral,Technical,11,4,No,1,Yes
656,47145,David,Bad,Technical,285,2,Yes,2,Yes
657,97149,Bob,Good,Payment,12,4,Yes,1,Yes
658,11968,David,Bad,Return,24,1,No,5,Yes
659,88837,Bob,Good,Technical,47,3,Yes,3,Yes
660,57414,Eve,Neutral,Shipping,68,1,No,4,Yes
661,89324,David,Neutral,Delivery,240,4,No,3,Yes
662,29289,Charlie,Bad,Billing,94,3,No,5,No
663,58851,Alice,Bad,Payment,65,5,No,3,Yes
664,22424,Charlie,Good,Shipping,184,3,Yes,4,Yes
665,28266,Alice,Good,Payment,214,1,Yes,1,No
666,85958,Charlie,Bad,Delivery,108,3,Yes,3,Yes
667,50074,David,Neutral,Delivery,206,4,No,1,No
668,44806,Bob,Good,Technical,269,5,No,2,No
669,79970,David,Bad,Shipping,182,2,No,3,No
670,33434,David,Good,Payment,266,1,No,3,No
671,89946,Charlie,Neutral,Shipping,260,4,Yes,3,No
672,99089,Eve,Bad,Billing,163,5,No,1,No
673,43926,Charlie,Bad,Technical,89,4,No,5,No
674,36878,Bob,Good,Payment,28,1,Yes,4,Yes
675,41568,Bob,Neutral,Shipping,144,1,Yes,4,Yes
676,92224,Bob,Neutral,Billing,24,3,No,5,Yes
677,41688,David,Neutral,Damaged,174,2,Yes,5,No
678,44084,Alice,Neutral,Return,145,3,No,3,No
679,17987,Eve,Good,Delivery,261,1,No,1,No
680,48426,Eve,Bad,Delivery,173,2,Yes,5,Yes
681,34584,Alice,Bad,Return,175,3,No,5,No
682,63414,Charlie,Good,Billing,229,4,Yes,2,Yes
683,43623,Charlie,Neutral,Damaged,183,4,No,4,Yes
684,23185,David,Good,Delivery,300,1,Yes,1,No
685,88806,Eve,Neutral,Shipping,155,4,No,5,Yes
686,57822,Bob,Neutral,Shipping,199,5,No,4,Yes
687,55560,Eve,Neutral,Return,65,2,Yes,4,Yes
688,12418,Charlie,Good,Shipping,278,5,Yes,5,Yes
689,58640,David,Neutral,Return,90,5,No,3,No
690,32362,Alice,Neutral,Payment,63,3,No,1,No
691,77130,Eve,Neutral,Shipping,104,5,Yes,4,Yes
692,38412,David,Bad,Delivery,189,2,Yes,1,Yes
693,13415,Bob,Neutral,Shipping,117,1,Yes,3,Yes
694,76870,Alice,Bad,Payment,84,5,No,1,Yes
695,81163,Alice,Good,Billing,168,3,No,4,Yes
696,63860,Eve,Neutral,Delivery,146,2,No,3,No
697,47125,Bob,Bad,Shipping,41,2,Yes,5,Yes
698,16885,David,Neutral,Damaged,232,3,Yes,1,Yes
699,82426,Eve,Neutral,Billing,113,1,No,2,Yes
700,91084,Eve,Bad,Damaged,60,2,Yes,4,Yes
701,30087,Alice,Good,Technical,163,2,Yes,4,Yes
702,52193,Charlie,Good,Shipping,218,1,No,4,No
703,39744,Charlie,Good,Return,253,1,Yes,3,Yes
704,43197,Eve,Bad,Billing,170,1,No,4,Yes
705,31239,David,Bad,Return,16,4,No,3,Yes
706,45999,Bob,Neutral,Shipping,60,3,Yes,3,No
707,33739,Eve,Good,Billing,233,1,Yes,3,Yes
708,78796,David,Good,Technical,270,2,No,1,No
709,94088,Charlie,Bad,Payment,210,4,No,2,No
710,84288,Bob,Good,Technical,27,2,Yes,3,No
711,67971,David,Neutral,Delivery,157,1,Yes,1,No
712,75271,Charlie,Good,Billing,266,1,Yes,3,Yes
713,99219,David,Neutral,Shipping,63,3,No,2,Yes
714,92203,David,Neutral,Return,297,5,No,2,Yes
715,74617,Eve,Good,Return,50,3,Yes,1,Yes
716,42187,David,Bad,Return,203,3,No,5,Yes
717,78016,Bob,Good,Delivery,50,1,No,2,No
718,37470,David,Neutral,Damaged,42,4,No,3,No
719,51647,Charlie,Bad,Technical,106,4,Yes,3,Yes
720,71779,David,Good,Return,271,4,No,1,No
721,41700,Alice,Neutral,Damaged,28,2,Yes,2,Yes
722,74459,Charlie,Good,Technical,133,5,Yes,3,Yes
723,71617,David,Bad,Return,69,5,No,4,No
724,21847,Eve,Bad,Technical,195,5,No,1,Yes
725,17145,Alice,Neutral,Return,83,5,No,1,Yes
726,62255,Eve,Neutral,Payment,218,2,No,2,Yes
727,50378,Charlie,Neutral,Technical,65,1,No,5,No
728,43045,David,Neutral,Damaged,78,5,No,2,No
729,75970,Charlie,Good,Damaged,238,4,Yes,1,Yes
730,13576,Eve,Neutral,Billing,189,1,No,3,Yes
731,86487,Charlie,Bad,Damaged,262,2,No,3,No
732,56208,David,Good,Shipping,81,3,Yes,3,No
733,39035,David,Bad,Payment,141,2,Yes,5,No
734,86744,Charlie,Bad,Damaged,229,4,Yes,5,Yes
735,17011,Eve,Bad,Technical,150,1,No,4,Yes
736,65905,Eve,Neutral,Payment,223,2,No,2,No
737,90081,Bob,Bad,Technical,221,1,Yes,2,Yes
738,82144,Eve,Good,Payment,188,5,No,2,No
739,54699,Eve,Neutral,Payment,63,5,No,5,Yes
740,44602,Eve,Good,Billing,49,5,No,3,Yes
741,70117,Alice,Bad,Shipping,37,5,Yes,1,No
742,46055,Alice,Bad,Shipping,108,2,No,4,No
743,69055,David,Good,Return,11,1,Yes,2,Yes
744,23269,Bob,Neutral,Technical,194,1,Yes,1,Yes
745,44356,David,Good,Delivery,32,4,Yes,2,No
746,91430,Alice,Neutral,Return,137,2,Yes,2,Yes
747,26965,Charlie,Neutral,Shipping,104,5,Yes,3,Yes
748,25974,Eve,Good,Damaged,287,2,Yes,3,No
749,64339,Alice,Neutral,Billing,15,2,Yes,4,Yes
750,63126,Charlie,Bad,Billing,62,2,Yes,5,Yes
751,13765,Eve,Good,Delivery,274,3,Yes,3,Yes
752,22321,Charlie,Neutral,Delivery,26,5,No,3,No
753,92923,Alice,Bad,Technical,128,5,No,3,Yes
754,49061,Bob,Bad,Delivery,186,2,No,5,Yes
755,48233,Bob,Neutral,Return,180,2,Yes,4,Yes
756,68636,David,Good,Damaged,256,5,Yes,3,Yes
757,88011,Eve,Neutral,Billing,263,4,Yes,1,No
758,73746,Alice,Neutral,Technical,35,3,No,1,Yes
759,26007,Eve,Bad,Shipping,149,3,No,3,Yes
760,18599,Charlie,Bad,Return,246,4,No,2,Yes
761,43779,Bob,Bad,Billing,286,4,No,3,No
762,47798,Charlie,Good,Return,79,5,No,3,No
763,39281,Bob,Neutral,Return,203,5,No,3,Yes
764,80304,Eve,Good,Shipping,226,2,Yes,5,Yes
765,82002,Alice,Good,Billing,48,1,Yes,4,No
766,54043,David,Neutral,Technical,59,1,No,2,No
767,16117,David,Bad,Billing,64,2,No,3,Yes
768,77004,David,Bad,Damaged,222,4,No,3,Yes
769,43128,Bob,Good,Delivery,213,4,Yes,3,No
770,96507,Charlie,Bad,Delivery,76,2,Yes,5,Yes
771,59731,Alice,Good,Shipping,96,3,No,2,No
772,39770,David,Good,Damaged,33,1,Yes,4,Yes
773,66974,David,Neutral,Payment,130,5,No,3,No
774,69765,Eve,Good,Return,176,4,No,1,No
775,59709,David,Neutral,Return,146,3,Yes,5,No
776,23230,David,Neutral,Billing,176,3,No,4,No
777,53137,Alice,Neutral,Damaged,98,2,Yes,4,Yes
778,47760,David,Neutral,Billing,121,1,Yes,1,Yes
779,62647,Bob,Neutral,Return,128,4,Yes,3,No
780,12296,Eve,Neutral,Payment,279,2,No,4,Yes
781,61117,Eve,Good,Payment,280,4,Yes,2,No
782,24193,David,Neutral,Technical,203,2,Yes,2,No
783,71527,David,Good,Shipping,270,4,Yes,4,Yes
784,23507,Bob,Neutral,Delivery,207,4,Yes,4,Yes
785,74608,Charlie,Bad,Payment,266,4,No,4,Yes
786,90918,Bob,Good,Shipping,70,1,Yes,4,Yes
787,80347,Eve,Bad,Technical,169,5,No,4,Yes
788,85906,Charlie,Bad,Payment,143,1,Yes,4,Yes
789,14444,Eve,Bad,Technical,162,4,Yes,3,Yes
790,16145,Bob,Bad,Return,43,1,Yes,2,Yes
791,93224,Eve,Good,Delivery,183,1,Yes,3,Yes
792,57498,David,Good,Damaged,174,5,No,5,No
793,86717,Eve,Bad,Shipping,23,1,Yes,5,No
794,39764,Bob,Bad,Damaged,221,5,Yes,2,No
795,64525,Eve,Bad,Return,124,5,No,5,No
796,90381,Eve,Bad,Delivery,261,3,Yes,1,Yes
797,11418,Eve,Neutral,Return,234,4,Yes,2,No
798,61113,Bob,Good,Billing,188,3,No,5,No
799,27056,Charlie,Neutral,Payment,215,4,Yes,1,Yes
800,98338,Bob,Good,Damaged,238,3,No,1,No
801,69953,Bob,Bad,Technical,147,4,No,1,Yes
802,38688,Eve,Good,Delivery,79,3,No,1,No
803,44284,Charlie,Bad,Billing,126,1,Yes,2,Yes
804,56039,Eve,Neutral,Payment,136,1,Yes,3,Yes
805,15209,David,Good,Delivery,195,2,No,1,Yes
806,90861,Alice,Good,Delivery,232,2,No,3,Yes
807,37260,Charlie,Bad,Technical,270,2,No,3,No
808,16246,David,Bad,Shipping,29,3,Yes,1,Yes
809,60399,David,Bad,Delivery,220,4,Yes,3,No
810,78088,Eve,Bad,Technical,10,2,No,3,Yes
811,83038,Bob,Bad,Shipping,146,3,Yes,4,Yes
812,49699,David,Neutral,Return,90,2,Yes,2,Yes
813,91799,Eve,Bad,Delivery,122,3,Yes,4,Yes
814,76881,Alice,Neutral,Payment,227,3,No,2,Yes
815,13336,Bob,Bad,Return,237,2,Yes,3,Yes
816,72222,Charlie,Neutral,Billing,215,1,Yes,3,Yes
817,26865,Charlie,Good,Return,157,4,No,3,Yes
818,25230,Alice,Good,Damaged,265,1,No,4,No
819,47278,David,Bad,Delivery,112,2,No,4,Yes
820,41812,Bob,Bad,Technical,168,2,No,2,No
821,44613,Eve,Good,Technical,197,1,No,5,Yes
822,83322,Alice,Good,Billing,286,1,Yes,2,Yes
823,38838,Charlie,Bad,Damaged,159,1,No,5,Yes
824,23973,Charlie,Neutral,Delivery,273,5,Yes,5,Yes
825,88499,Charlie,Good,Shipping,38,5,No,4,Yes
826,46404,David,Good,Delivery,151,5,Yes,2,Yes
827,39135,Charlie,Bad,Return,87,5,Yes,4,Yes
828,85355,Eve,Neutral,Damaged,195,1,Yes,5,Yes
829,18897,Eve,Good,Billing,177,2,No,4,Yes
830,55331,Eve,Neutral,Technical,135,4,No,4,No
831,16585,Alice,Good,Delivery,100,2,No,2,No
832,15934,Eve,Neutral,Technical,43,4,Yes,3,Yes
833,77145,Bob,Bad,Shipping,200,3,No,3,Yes
834,30949,Bob,Bad,Damaged,168,4,Yes,2,No
835,86662,David,Good,Technical,256,2,No,5,Yes
836,82550,Eve,Bad,Shipping,113,1,No,4,Yes
837,74238,Eve,Bad,Billing,5,1,No,2,Yes
838,40694,Charlie,Good,Damaged,114,3,No,3,No
839,98986,Alice,Neutral,Return,28,5,No,4,No
840,32780,Bob,Neutral,Technical,14,4,No,5,Yes
841,43958,Alice,Good,Shipping,281,5,No,2,No
842,98479,Charlie,Good,Damaged,93,5,Yes,4,Yes
843,51618,Alice,Neutral,Shipping,78,4,No,3,No
844,29032,Charlie,Good,Payment,135,2,No,4,No
845,75621,Bob,Good,Shipping,171,4,Yes,4,No
846,24783,Alice,Bad,Delivery,256,2,No,2,No
847,12724,Charlie,Bad,Billing,117,1,No,1,Yes
848,70437,Alice,Bad,Return,252,2,No,1,Yes
849,59566,Alice,Bad,Billing,173,5,No,2,No
850,91257,Alice,Neutral,Billing,153,3,No,2,Yes
851,13810,Eve,Good,Shipping,13,1,No,5,No
852,67524,Bob,Neutral,Damaged,21,3,No,5,Yes
853,32765,Alice,Bad,Payment,81,5,No,5,Yes
854,12033,Eve,Good,Shipping,125,1,No,3,Yes
855,96448,Alice,Neutral,Payment,260,1,No,2,Yes
856,80796,David,Good,Damaged,240,3,Yes,3,No
857,10515,Bob,Good,Billing,297,3,No,5,No
858,20443,David,Bad,Delivery,98,2,Yes,3,No
859,73968,David,Bad,Damaged,126,4,No,5,No
860,81365,Bob,Bad,Shipping,144,3,No,5,No
861,83574,Bob,Good,Damaged,31,1,No,1,No
862,96998,Bob,Neutral,Damaged,78,3,No,1,No
863,68465,Charlie,Good,Return,95,1,Yes,1,Yes
864,83476,David,Neutral,Damaged,40,3,Yes,3,No
865,18081,Alice,Neutral,Billing,190,3,Yes,4,No
866,86090,Eve,Neutral,Technical,58,5,Yes,5,Yes
867,70267,David,Bad,Delivery,184,5,Yes,5,No
868,55481,Alice,Neutral,Delivery,288,3,Yes,1,No
869,75848,Alice,Bad,Payment,37,5,Yes,4,Yes
870,19813,Bob,Bad,Delivery,215,1,No,2,Yes
871,97935,David,Neutral,Damaged,113,3,No,4,No
872,21938,Charlie,Good,Technical,171,4,Yes,4,No
873,21564,Bob,Good,Damaged,15,5,No,4,No
874,20623,Eve,Neutral,Return,74,1,No,4,No
875,87373,Alice,Bad,Damaged,220,2,Yes,1,No
876,43388,David,Bad,Damaged,56,4,No,1,No
877,21856,Charlie,Good,Billing,182,2,No,2,No
878,38701,Bob,Good,Technical,15,5,Yes,5,No
879,43008,Charlie,Bad,Payment,120,3,No,1,No
880,90625,Eve,Neutral,Technical,15,1,No,2,No
881,72288,Bob,Bad,Return,6,1,No,4,No
882,83268,David,Good,Billing,245,4,No,2,Yes
883,43993,Bob,Bad,Damaged,42,4,Yes,4,Yes
884,22023,Alice,Bad,Shipping,103,5,Yes,5,Yes
885,37028,Charlie,Good,Damaged,262,4,Yes,4,Yes
886,10929,Eve,Neutral,Billing,262,5,Yes,4,Yes
887,34185,Alice,Neutral,Shipping,248,2,Yes,2,Yes
888,71135,David,Neutral,Technical,233,1,Yes,2,No
889,51853,Alice,Good,Delivery,128,5,Yes,5,Yes
890,33465,Charlie,Neutral,Billing,28,3,No,2,No
891,81388,Eve,Good,Technical,211,4,No,5,Yes
892,79317,Charlie,Neutral,Damaged,241,2,No,2,Yes
893,67242,Charlie,Bad,Payment,192,4,No,4,Yes
894,31378,Eve,Bad,Damaged,174,4,No,2,No
895,13612,Eve,Good,Billing,242,4,Yes,3,No
896,42841,Alice,Good,Payment,241,4,Yes,5,Yes
897,61353,Eve,Bad,Return,195,5,Yes,1,No
898,73493,Bob,Good,Billing,146,1,No,3,No
899,62853,Eve,Good,Technical,52,3,No,5,No
900,11429,David,Good,Return,148,1,No,2,No
901,54081,Alice,Neutral,Billing,17,1,Yes,2,No
902,20147,Alice,Good,Return,39,2,Yes,5,No
903,66682,David,Neutral,Damaged,288,5,No,4,No
904,16712,Eve,Good,Billing,82,2,No,1,Yes
905,73152,David,Neutral,Technical,85,1,Yes,3,Yes
906,91515,Charlie,Neutral,Shipping,165,3,Yes,2,Yes
907,44160,Alice,Bad,Damaged,152,4,No,1,Yes
908,54082,Alice,Neutral,Technical,150,3,No,3,No
909,39319,Bob,Good,Return,14,3,Yes,1,No
910,75093,Charlie,Bad,Return,117,3,Yes,2,No
911,16999,David,Good,Technical,73,5,Yes,4,Yes
912,48526,Eve,Bad,Damaged,236,4,Yes,1,No
913,55478,Alice,Neutral,Payment,238,4,Yes,3,Yes
914,36563,David,Good,Payment,201,1,No,4,Yes
915,85623,Alice,Good,Billing,182,3,Yes,2,No
916,71545,Charlie,Good,Damaged,85,2,Yes,2,Yes
917,54603,Alice,Good,Technical,285,5,No,1,Yes
918,43846,Bob,Bad,Shipping,253,4,No,1,Yes
919,43349,Alice,Bad,Technical,270,1,No,3,Yes
920,15886,Bob,Bad,Billing,160,5,Yes,2,No
921,94808,Alice,Neutral,Billing,96,4,No,1,No
922,62915,Eve,Good,Damaged,170,5,Yes,1,Yes
923,12977,Alice,Neutral,Delivery,103,5,Yes,1,Yes
924,82015,David,Good,Technical,68,3,Yes,4,Yes
925,56478,Bob,Neutral,Payment,174,4,No,5,Yes
926,92417,Charlie,Good,Return,271,2,No,2,No
927,76695,Charlie,Good,Shipping,28,2,Yes,2,Yes
928,92656,Eve,Bad,Damaged,59,1,No,1,No
929,42990,Eve,Good,Billing,155,5,Yes,4,No
930,94170,Charlie,Good,Technical,215,5,No,5,No
931,42159,Bob,Bad,Damaged,299,2,Yes,2,No
932,60880,Alice,Bad,Technical,211,3,Yes,1,No
933,19336,Eve,Neutral,Damaged,128,4,Yes,3,No
934,31658,Eve,Good,Technical,245,4,No,2,No
935,53833,Bob,Bad,Shipping,81,4,Yes,4,No
936,21218,Bob,Bad,Shipping,136,4,No,1,Yes
937,76882,Charlie,Bad,Shipping,224,5,No,4,No
938,46701,Alice,Neutral,Delivery,134,5,Yes,4,Yes
939,92560,Charlie,Neutral,Delivery,148,5,Yes,2,No
940,96380,Bob,Bad,Delivery,33,1,Yes,4,Yes
941,97969,David,Good,Delivery,208,4,No,2,Yes
942,51371,Bob,Neutral,Damaged,51,4,Yes,2,No
943,58797,Charlie,Good,Technical,59,1,No,5,No
944,70457,Bob,Good,Delivery,129,3,Yes,3,No
945,78732,Alice,Neutral,Payment,278,3,No,2,Yes
946,31731,Alice,Good,Billing,180,4,Yes,5,No
947,35239,Eve,Bad,Delivery,260,2,No,2,No
948,17689,Alice,Neutral,Shipping,233,3,Yes,2,Yes
949,54567,Charlie,Neutral,Delivery,36,3,Yes,3,No
950,15734,Alice,Bad,Technical,258,5,No,4,Yes
951,45637,Bob,Bad,Billing,226,5,Yes,2,Yes
952,21031,Bob,Neutral,Billing,260,1,Yes,4,Yes
953,63300,Bob,Neutral,Billing,248,3,Yes,2,Yes
954,71384,David,Good,Damaged,209,2,No,3,Yes
955,60816,Bob,Neutral,Payment,243,5,Yes,1,Yes
956,16319,Eve,Good,Shipping,287,1,Yes,2,Yes
957,51287,David,Neutral,Damaged,196,4,Yes,3,No
958,12138,Alice,Good,Billing,195,3,No,1,No
959,58469,Eve,Good,Delivery,81,4,Yes,3,Yes
960,77641,David,Neutral,Return,271,1,No,1,No
961,86047,Eve,Good,Billing,65,5,Yes,2,No
962,25657,Charlie,Bad,Damaged,89,2,Yes,4,No
963,43918,Bob,Bad,Billing,75,2,Yes,4,No
964,59151,Alice,Neutral,Payment,129,4,Yes,5,Yes
965,20912,Eve,Bad,Shipping,146,1,No,1,No
966,37939,Eve,Good,Delivery,160,5,Yes,4,No
967,35202,David,Neutral,Payment,228,5,No,2,Yes
968,55905,David,Bad,Delivery,64,5,No,3,No
969,73985,Charlie,Good,Payment,159,5,No,2,Yes
970,62763,Charlie,Bad,Payment,249,2,No,2,No
971,30502,Alice,Bad,Return,47,2,No,4,Yes
972,83548,David,Good,Shipping,123,5,No,4,Yes
973,25873,Eve,Bad,Technical,152,2,No,2,No
974,61150,Bob,Neutral,Technical,38,5,Yes,1,Yes
975,87469,David,Neutral,Technical,147,5,No,2,Yes
976,61087,Eve,Bad,Technical,54,1,No,2,No
977,64382,Charlie,Neutral,Billing,22,4,Yes,5,Yes
978,30323,David,Bad,Technical,99,4,No,5,Yes
979,98913,Bob,Bad,Billing,161,5,No,1,No
980,60003,Alice,Bad,Shipping,139,2,Yes,1,No
981,88584,Bob,Good,Delivery,129,4,No,2,Yes
982,43498,Bob,Good,Payment,199,3,Yes,3,No
983,11792,Charlie,Neutral,Return,146,5,No,4,Yes
984,71183,Bob,Good,Damaged,20,3,No,4,Yes
985,56023,Bob,Neutral,Delivery,37,2,Yes,3,No
986,55974,Charlie,Good,Billing,138,5,No,2,No
987,87986,David,Good,Shipping,206,1,No,1,Yes
988,63777,Charlie,Neutral,Payment,203,3,Yes,2,Yes
989,15939,Eve,Neutral,Damaged,185,2,No,4,Yes
990,53363,David,Good,Payment,184,4,Yes,3,Yes
991,72202,Charlie,Neutral,Billing,264,1,No,4,Yes
992,12378,David,Neutral,Payment,277,3,Yes,2,Yes
993,27745,Charlie,Good,Delivery,69,4,No,2,Yes
994,55464,Charlie,Bad,Technical,194,5,Yes,3,Yes
995,99267,Charlie,Good,Damaged,222,1,Yes,5,Yes
996,70369,Alice,Bad,Payment,140,1,Yes,4,Yes
997,96243,Charlie,Bad,Return,197,1,Yes,1,No
998,55114,Alice,Bad,Technical,157,3,No,2,No
999,80190,Charlie,Good,Return,277,4,No,1,Yes
1000,92765,Alice,Good,Return,16,5,Yes,1,Yes
1001,89011,David,Bad,Billing,127,5,No,2,No
1002,17921,Alice,Good,Return,168,3,No,4,No
1003,25852,David,Bad,Billing,147,1,Yes,5,Yes
1004,38377,Bob,Bad,Return,93,1,No,2,Yes
1005,72647,Eve,Good,Shipping,253,1,No,3,No
1006,17818,Bob,Good,Shipping,183,2,Yes,5,No
1007,97541,Charlie,Neutral,Payment,214,5,No,4,No
1008,20965,Charlie,Neutral,Return,64,1,Yes,3,No
1009,40359,Bob,Good,Delivery,66,5,Yes,2,Yes
1010,17620,Charlie,Good,Shipping,298,2,Yes,4,Yes
1011,99688,David,Neutral,Billing,95,3,Yes,1,No
1012,29038,Alice,Bad,Delivery,127,1,No,1,No
1013,76901,Eve,Bad,Shipping,112,4,Yes,2,No
1014,20236,Bob,Good,Shipping,284,1,No,3,No
1015,68012,Charlie,Good,Technical,36,3,No,3,No
1016,53789,Alice,Bad,Payment,32,3,No,4,Yes
1017,86899,Charlie,Bad,Return,290,3,Yes,2,Yes
1018,80650,Alice,Neutral,Billing,133,1,No,2,No
1019,49468,David,Neutral,Technical,54,3,No,2,No
1020,84644,Eve,Neutral,Billing,40,5,Yes,5,No
1021,58386,Eve,Bad,Shipping,286,5,Yes,2,Yes
1022,12524,Bob,Neutral,Technical,202,4,Yes,2,No
1023,69072,David,Bad,Delivery,239,4,No,1,No
1024,12602,David,Bad,Return,277,3,Yes,3,Yes
1025,50700,Bob,Good,Delivery,99,1,No,1,No
1026,31758,Alice,Good,Technical,36,5,Yes,4,Yes
1027,84197,Alice,Good,Billing,205,3,Yes,2,Yes
1028,25840,Charlie,Good,Technical,280,1,No,3,No
1029,57401,Charlie,Neutral,Delivery,204,3,No,5,Yes
1030,84965,Eve,Neutral,Payment,237,4,Yes,1,No
1031,25484,Bob,Neutral,Shipping,95,3,Yes,5,No
1032,47429,Alice,Bad,Damaged,123,1,No,1,No
1033,78177,Eve,Good,Damaged,288,5,Yes,4,Yes
1034,61022,Eve,Neutral,Shipping,137,2,No,4,Yes
1035,57863,David,Neutral,Delivery,220,2,No,1,No
1036,64562,Charlie,Bad,Technical,208,5,No,2,No
1037,71970,Eve,Bad,Payment,270,2,No,3,No
1038,85739,David,Bad,Shipping,279,1,Yes,5,No
1039,52684,David,Neutral,Shipping,183,2,Yes,3,Yes
1040,88143,Charlie,Bad,Return,51,3,No,5,Yes
1041,97132,Alice,Bad,Return,205,5,No,4,Yes
1042,32689,Bob,Good,Return,33,3,No,1,No
1043,69588,David,Neutral,Damaged,294,3,Yes,5,No
1044,84413,Alice,Good,Delivery,102,3,No,4,No
1045,50481,Bob,Neutral,Technical,248,1,Yes,2,No
1046,42053,Alice,Neutral,Delivery,207,1,Yes,3,No
1047,27927,Alice,Neutral,Shipping,25,3,Yes,5,No
1048,87706,Alice,Bad,Damaged,171,5,No,5,Yes
1049,90001,Alice,Neutral,Payment,244,4,Yes,5,No
1050,73586,Eve,Bad,Technical,152,3,Yes,4,No
1051,62691,Bob,Good,Payment,49,5,No,4,No
1052,47551,David,Bad,Return,108,3,Yes,2,No
1053,12396,Bob,Good,Billing,79,1,Yes,2,Yes
1054,46457,Alice,Bad,Shipping,218,1,Yes,4,No
1055,24662,Bob,Good,Billing,267,3,No,3,No
1056,66679,Charlie,Neutral,Return,67,2,No,2,No
1057,33525,Charlie,Bad,Shipping,64,4,Yes,5,Yes
1058,39046,Bob,Bad,Shipping,156,1,Yes,5,Yes
1059,78854,Eve,Neutral,Technical,173,1,No,1,Yes
1060,63192,Eve,Bad,Damaged,222,1,No,4,Yes
1061,96247,David,Good,Shipping,24,2,Yes,4,No
1062,21829,Alice,Bad,Payment,212,1,Yes,5,No
1063,93998,Bob,Bad,Return,216,4,No,2,Yes
1064,97432,Bob,Bad,Return,215,2,No,5,Yes
1065,48506,David,Bad,Billing,86,1,Yes,1,Yes
1066,75217,Bob,Bad,Technical,113,3,No,2,No
1067,57560,Charlie,Good,Return,265,2,No,1,No
1068,22666,Eve,Good,Delivery,183,5,Yes,5,Yes
1069,58334,Alice,Good,Damaged,156,5,No,4,Yes
1070,21355,Charlie,Neutral,Billing,100,2,No,3,No
1071,53250,Alice,Neutral,Payment,45,5,Yes,2,No
1072,52238,Bob,Bad,Payment,114,4,No,2,No
1073,83285,Eve,Bad,Billing,179,1,Yes,3,Yes
1074,54515,David,Neutral,Shipping,158,2,Yes,4,No
1075,50220,Charlie,Bad,Damaged,145,3,Yes,3,Yes
1076,24248,Charlie,Bad,Shipping,188,3,Yes,2,No
1077,58785,Bob,Good,Billing,288,2,No,4,No
1078,53463,Eve,Bad,Delivery,130,5,Yes,4,Yes
1079,89174,David,Neutral,Return,243,1,Yes,4,No
1080,18779,Charlie,Neutral,Technical,64,5,Yes,2,No
1081,40326,Bob,Neutral,Billing,276,5,No,1,Yes
1082,93404,Eve,Neutral,Return,275,4,No,2,No
1083,93430,Bob,Bad,Return,64,1,Yes,1,No
1084,70004,David,Good,Shipping,32,2,No,2,No
1085,41104,Eve,Neutral,Payment,74,1,Yes,1,No
1086,83760,Eve,Good,Delivery,111,4,Yes,5,No
1087,52421,Alice,Neutral,Shipping,270,1,Yes,4,Yes
1088,27765,Eve,Good,Shipping,103,4,Yes,1,Yes
1089,35385,Alice,Neutral,Technical,107,1,No,4,Yes
1090,34470,Alice,Neutral,Shipping,40,5,Yes,1,No
1091,23660,David,Bad,Billing,180,3,Yes,3,No
1092,57707,David,Bad,Delivery,82,1,No,3,Yes
1093,56164,Eve,Good,Damaged,264,5,No,4,No
1094,33517,Alice,Bad,Shipping,110,1,Yes,3,Yes
1095,68821,Alice,Bad,Damaged,98,2,Yes,2,No
1096,84484,Alice,Bad,Technical,259,5,No,5,Yes
1097,21609,Bob,Neutral,Technical,27,2,No,3,Yes
1098,60476,David,Good,Delivery,44,2,No,2,No
1099,35039,Bob,Bad,Return,125,4,Yes,5,No
1100,39675,David,Bad,Billing,164,1,No,2,Yes
1101,60289,David,Good,Billing,195,2,Yes,5,Yes
1102,53210,Eve,Good,Shipping,82,4,Yes,4,No
1103,94026,Alice,Good,Payment,86,2,Yes,3,No
1104,47639,Alice,Good,Payment,231,3,No,5,Yes
1105,92319,David,Bad,Billing,277,5,Yes,4,Yes
1106,41685,David,Neutral,Damaged,53,2,Yes,5,Yes
1107,39457,David,Good,Billing,244,4,Yes,1,No
1108,11272,David,Good,Return,87,3,Yes,1,No
1109,97437,David,Neutral,Payment,103,2,Yes,2,Yes
1110,42497,Charlie,Neutral,Shipping,258,2,No,2,Yes
1111,19017,Eve,Good,Return,43,5,Yes,4,Yes
1112,51305,David,Neutral,Return,123,2,No,4,No
1113,54829,Charlie,Good,Damaged,76,5,No,3,No
1114,23974,Charlie,Bad,Delivery,222,2,Yes,1,Yes
1115,66636,Bob,Bad,Payment,214,1,No,2,Yes
1116,10231,Eve,Good,Payment,133,2,Yes,5,No
1117,51684,Bob,Bad,Shipping,189,5,No,4,No
1118,50056,Eve,Bad,Delivery,258,2,Yes,3,Yes
1119,55116,Charlie,Neutral,Delivery,299,3,No,2,No
1120,70547,Alice,Good,Delivery,239,5,No,2,No
1121,98760,Bob,Bad,Billing,286,5,No,5,No
1122,27367,Eve,Neutral,Damaged,290,3,Yes,3,No
1123,66951,Alice,Bad,Damaged,64,3,Yes,3,No
1124,96917,David,Bad,Technical,213,1,Yes,4,No
1125,15047,Alice,Bad,Shipping,8,5,No,5,Yes
1126,63892,David,Bad,Payment,27,1,No,2,Yes
1127,97180,Bob,Good,Return,22,3,Yes,3,No
1128,28512,Alice,Bad,Delivery,187,5,Yes,3,No
1129,45226,Alice,Neutral,Damaged,156,3,Yes,4,Yes
1130,88503,Eve,Good,Return,274,3,Yes,4,No
1131,37587,Bob,Bad,Return,136,5,Yes,1,Yes
1132,10111,Charlie,Good,Shipping,211,3,No,2,Yes
1133,31400,Eve,Neutral,Return,130,3,Yes,4,Yes
1134,49008,Charlie,Bad,Delivery,181,5,No,3,Yes
1135,54933,David,Good,Technical,47,2,No,4,Yes
1136,78191,Alice,Bad,Delivery,271,5,No,2,Yes
1137,44097,Alice,Bad,Technical,203,1,Yes,5,No
1138,63583,Eve,Neutral,Delivery,262,2,Yes,4,Yes
1139,30461,Charlie,Bad,Billing,282,5,Yes,5,Yes
1140,66721,Bob,Good,Payment,140,2,Yes,4,Yes
1141,40533,Charlie,Bad,Damaged,91,5,Yes,5,Yes
1142,39818,Eve,Good,Payment,132,3,No,4,No
1143,42447,Bob,Good,Damaged,53,5,No,4,No
1144,26677,Alice,Good,Billing,22,2,Yes,1,Yes
1145,55075,Charlie,Good,Technical,227,5,Yes,2,Yes
1146,95019,David,Neutral,Return,272,5,Yes,5,No
1147,10531,Bob,Neutral,Shipping,6,4,No,3,No
1148,59365,David,Good,Return,282,5,Yes,1,No
1149,26826,Charlie,Bad,Delivery,277,3,No,2,Yes
1150,98619,David,Neutral,Damaged,137,2,No,3,Yes
1151,87205,Bob,Good,Return,7,2,No,2,Yes
1152,41209,Bob,Bad,Technical,129,4,Yes,5,No
1153,79751,David,Good,Delivery,44,4,No,5,Yes
1154,62375,Eve,Neutral,Payment,11,3,No,2,Yes
1155,88011,Alice,Good,Technical,55,1,No,4,No
1156,16179,Bob,Neutral,Delivery,68,4,Yes,2,No
1157,71788,Bob,Good,Billing,170,2,No,4,Yes
1158,91740,Charlie,Neutral,Shipping,86,3,No,3,No
1159,15036,Charlie,Neutral,Return,195,1,Yes,2,Yes
1160,62486,Eve,Good,Damaged,219,4,No,1,No
1161,65303,Charlie,Bad,Return,79,1,Yes,1,No
1162,40784,Bob,Neutral,Delivery,123,4,No,1,Yes
1163,96687,Bob,Bad,Shipping,63,4,No,1,No
1164,81352,David,Neutral,Shipping,149,2,Yes,4,No
1165,19741,David,Good,Billing,183,2,Yes,4,Yes
1166,89641,David,Good,Shipping,90,3,No,3,No
1167,78317,Charlie,Bad,Delivery,90,3,No,3,Yes
1168,10227,Bob,Good,Billing,83,4,Yes,1,Yes
1169,98006,Charlie,Bad,Billing,104,1,No,1,No
1170,47713,Bob,Bad,Return,243,2,No,1,No
1171,61290,Bob,Good,Return,82,4,No,5,No
1172,43576,Bob,Good,Delivery,59,1,No,5,No
1173,96341,David,Neutral,Damaged,126,4,No,3,No
1174,25806,Alice,Neutral,Delivery,226,3,No,2,Yes
1175,38888,Bob,Bad,Technical,195,4,Yes,4,Yes
1176,42847,Charlie,Bad,Shipping,121,1,No,2,Yes
1177,79589,Eve,Good,Payment,66,3,No,3,Yes
1178,68869,Eve,Neutral,Billing,295,4,Yes,5,Yes
1179,62245,Eve,Bad,Return,204,4,Yes,1,No
1180,22251,Bob,Bad,Billing,141,2,Yes,2,No
1181,67020,Eve,Good,Damaged,170,2,Yes,2,No
1182,67934,Eve,Good,Return,293,4,No,5,Yes
1183,57230,Eve,Neutral,Return,259,2,No,5,Yes
1184,51257,Bob,Bad,Delivery,221,5,Yes,3,No
1185,10951,Bob,Neutral,Delivery,144,5,Yes,5,Yes
1186,89030,David,Bad,Shipping,265,4,No,1,No
1187,85876,Bob,Bad,Return,282,2,No,3,No
1188,40391,Alice,Good,Payment,158,5,No,4,Yes
1189,92920,Charlie,Good,Technical,81,1,Yes,5,Yes
1190,81692,Alice,Neutral,Payment,94,5,No,3,Yes
1191,91857,Bob,Bad,Return,177,1,Yes,5,Yes
1192,26148,Charlie,Bad,Delivery,110,2,No,5,Yes
1193,34134,Bob,Neutral,Shipping,15,4,No,1,Yes
1194,18337,Bob,Bad,Delivery,115,2,Yes,4,No
1195,60154,Charlie,Bad,Technical,198,4,No,3,No
1196,75109,Bob,Good,Technical,282,1,Yes,3,No
1197,46549,Alice,Good,Damaged,217,5,Yes,2,No
1198,22356,Alice,Bad,Return,230,4,No,4,No
1199,53702,David,Bad,Shipping,277,3,No,3,No
1200,68409,Eve,Bad,Technical,182,5,Yes,2,Yes
1201,36272,Charlie,Neutral,Technical,178,2,No,5,Yes
1202,59028,Charlie,Good,Damaged,111,1,No,2,Yes
1203,57618,David,Neutral,Return,28,3,No,2,No
1204,88713,Bob,Good,Damaged,71,5,No,3,Yes
1205,87188,Charlie,Bad,Billing,246,2,Yes,1,No
1206,76965,David,Bad,Damaged,22,2,No,3,Yes
1207,98662,Eve,Good,Shipping,79,1,Yes,4,Yes
1208,81768,Bob,Good,Damaged,8,1,No,5,Yes
1209,63660,Alice,Good,Shipping,217,5,Yes,4,Yes
1210,23766,Eve,Neutral,Damaged,93,4,Yes,3,Yes
1211,29739,Eve,Neutral,Delivery,210,3,No,1,No
1212,38234,Eve,Bad,Shipping,240,2,No,4,No
1213,85013,Charlie,Neutral,Delivery,101,4,Yes,1,No
1214,66784,Charlie,Good,Damaged,137,4,No,5,Yes
1215,73079,Alice,Good,Delivery,198,2,Yes,5,No
1216,68421,Bob,Bad,Technical,218,3,Yes,3,No
1217,69656,Charlie,Good,Damaged,187,5,Yes,2,No
1218,57588,Charlie,Good,Return,162,4,No,2,Yes
1219,54131,Charlie,Neutral,Payment,18,3,No,2,No
1220,14205,Bob,Neutral,Damaged,131,3,Yes,4,Yes
1221,45650,David,Good,Technical,54,1,Yes,2,No
1222,55051,David,Neutral,Payment,32,1,Yes,2,No
1223,88149,David,Bad,Shipping,31,5,No,5,Yes
1224,72548,Charlie,Neutral,Billing,10,4,No,3,Yes
1225,52372,Bob,Bad,Shipping,38,3,Yes,5,No
1226,56826,David,Good,Payment,52,2,Yes,1,Yes
1227,51995,Charlie,Good,Billing,58,5,No,1,No
1228,63719,Bob,Neutral,Payment,153,5,No,2,Yes
1229,62940,Eve,Good,Payment,158,2,No,1,No
1230,39111,Eve,Neutral,Payment,99,3,No,5,No
1231,78766,Eve,Neutral,Billing,107,2,No,5,Yes
1232,77155,Alice,Good,Return,272,1,Yes,4,No
1233,76949,Bob,Neutral,Delivery,232,1,Yes,2,No
1234,45486,Eve,Good,Technical,35,2,Yes,5,No
1235,53298,Alice,Bad,Billing,50,1,Yes,1,Yes
1236,91613,David,Bad,Payment,149,3,Yes,2,Yes
1237,18602,Bob,Neutral,Return,215,2,No,4,Yes
1238,14205,Alice,Neutral,Billing,80,5,No,4,No
1239,66749,Alice,Neutral,Payment,135,3,No,4,Yes
1240,33127,Bob,Bad,Return,108,3,Yes,2,No
1241,58186,Alice,Bad,Delivery,204,4,Yes,4,No
1242,60191,Alice,Bad,Technical,263,1,Yes,5,No
1243,59680,Eve,Bad,Shipping,7,1,No,3,Yes
1244,82969,David,Good,Damaged,72,4,No,1,No
1245,97535,Bob,Good,Return,183,5,Yes,4,No
1246,81388,Bob,Good,Payment,146,2,Yes,3,No
1247,39885,Alice,Neutral,Technical,167,5,No,4,No
1248,97621,Eve,Neutral,Technical,227,5,No,4,No
1249,86960,Alice,Bad,Shipping,254,2,Yes,5,No
1250,68433,Bob,Good,Technical,202,4,Yes,2,Yes
1251,72766,Alice,Bad,Delivery,245,1,No,2,No
1252,94400,Bob,Bad,Billing,51,3,Yes,5,Yes
1253,40985,Bob,Bad,Damaged,71,3,No,4,Yes
1254,87271,Alice,Good,Billing,22,1,No,3,No
1255,57578,Alice,Bad,Shipping,124,4,Yes,1,Yes
1256,43960,Charlie,Good,Damaged,19,4,Yes,4,Yes
1257,46081,Charlie,Bad,Delivery,79,1,Yes,2,No
1258,43105,Alice,Good,Technical,280,3,No,3,Yes
1259,11665,Bob,Bad,Shipping,113,4,Yes,3,Yes
1260,75050,Bob,Neutral,Shipping,205,4,No,1,Yes
1261,28132,Eve,Neutral,Shipping,11,4,No,4,Yes
1262,98822,Bob,Good,Payment,34,2,Yes,1,No
1263,54178,Alice,Neutral,Delivery,20,3,Yes,4,No
1264,32400,Charlie,Good,Technical,247,4,No,5,Yes
1265,88038,Alice,Bad,Shipping,22,2,Yes,1,Yes
1266,52251,Bob,Good,Damaged,270,2,Yes,5,No
1267,68263,Alice,Bad,Shipping,129,4,No,4,No
1268,17100,Bob,Neutral,Delivery,272,4,No,3,Yes
1269,64782,David,Bad,Return,249,3,No,4,Yes
1270,99740,Eve,Good,Delivery,69,4,Yes,1,No
1271,96727,David,Good,Payment,263,1,No,4,Yes
1272,55970,David,Bad,Payment,257,5,Yes,3,Yes
1273,78775,Eve,Bad,Technical,111,4,No,5,No
1274,22604,Eve,Bad,Shipping,43,1,No,1,No
1275,87911,Eve,Neutral,Shipping,255,1,No,1,No
1276,94271,Charlie,Neutral,Return,140,2,Yes,3,Yes
1277,40022,Charlie,Neutral,Delivery,153,4,Yes,2,No
1278,11385,Eve,Bad,Payment,155,3,Yes,3,Yes
1279,72855,Eve,Good,Billing,230,5,No,4,No
1280,63556,David,Good,Billing,5,5,Yes,2,No
1281,14455,Charlie,Neutral,Shipping,37,1,Yes,4,No
1282,60170,Charlie,Neutral,Billing,145,4,Yes,3,Yes
1283,79764,Bob,Neutral,Shipping,87,1,No,3,Yes
1284,24090,Eve,Neutral,Damaged,154,5,No,1,No
1285,74188,Alice,Neutral,Return,208,3,No,1,Yes
1286,31015,Charlie,Bad,Shipping,172,2,No,2,Yes
1287,37514,Bob,Good,Technical,227,1,Yes,4,No
1288,45223,Bob,Bad,Billing,177,3,Yes,4,Yes
1289,36095,Alice,Good,Technical,42,3,Yes,1,Yes
1290,31051,Bob,Bad,Damaged,113,2,No,2,No
1291,62015,Bob,Neutral,Payment,221,5,Yes,5,Yes
1292,55361,David,Good,Damaged,196,2,Yes,4,No
1293,48866,Eve,Neutral,Damaged,56,1,Yes,5,No
1294,57457,Eve,Neutral,Shipping,142,1,No,5,Yes
1295,78190,Bob,Good,Delivery,183,4,Yes,4,No
1296,65789,Charlie,Good,Return,35,5,No,2,Yes
1297,11790,Eve,Good,Shipping,94,5,No,3,No
1298,12981,Eve,Neutral,Payment,59,1,No,3,No
1299,88225,Alice,Neutral,Return,172,4,No,1,No
1300,63998,Alice,Bad,Return,98,2,No,4,No
1301,28400,David,Neutral,Return,208,5,Yes,3,Yes
1302,71957,David,Bad,Return,205,3,Yes,4,No
1303,99405,David,Neutral,Payment,61,1,No,5,No
1304,46594,David,Neutral,Return,295,5,Yes,1,Yes
1305,39647,Bob,Neutral,Delivery,95,1,Yes,2,No
1306,36093,Eve,Neutral,Billing,254,1,No,2,No
1307,95571,Bob,Neutral,Return,17,5,No,1,Yes
1308,57270,Alice,Good,Delivery,146,4,No,5,No
1309,74378,Charlie,Good,Payment,99,5,No,1,Yes
1310,85613,Alice,Good,Payment,222,1,Yes,3,No
1311,75377,Bob,Good,Billing,173,3,Yes,2,Yes
1312,21443,Alice,Neutral,Technical,175,4,Yes,1,No
1313,16853,Charlie,Good,Damaged,298,5,Yes,4,No
1314,78550,Alice,Good,Technical,176,2,No,1,No
1315,58887,Eve,Good,Payment,58,5,No,1,Yes
1316,59416,David,Bad,Delivery,5,4,Yes,1,No
1317,97163,Bob,Good,Damaged,282,1,Yes,2,No
1318,33146,David,Neutral,Delivery,143,1,Yes,1,No
1319,20809,Eve,Bad,Billing,70,1,No,3,No
1320,71886,Charlie,Good,Payment,195,4,Yes,3,No
1321,60400,Bob,Bad,Shipping,222,1,Yes,4,No
1322,61203,Alice,Bad,Technical,85,2,Yes,5,Yes
1323,41743,Charlie,Neutral,Payment,36,1,No,1,Yes
1324,89852,Alice,Bad,Return,108,5,Yes,1,Yes
1325,32741,Eve,Bad,Technical,179,1,No,2,Yes
1326,77662,Charlie,Good,Shipping,14,2,No,5,Yes
1327,96522,Alice,Neutral,Billing,40,4,Yes,1,No
1328,80716,Charlie,Bad,Return,54,1,Yes,1,Yes
1329,46338,Eve,Neutral,Payment,280,1,No,2,No
1330,67244,Eve,Bad,Delivery,183,3,Yes,1,No
1331,17263,David,Good,Payment,202,1,Yes,1,No
1332,47367,Charlie,Good,Return,84,4,Yes,2,Yes
1333,49219,Charlie,Bad,Payment,267,4,No,3,Yes
1334,24940,Alice,Neutral,Billing,60,5,No,5,No
1335,52893,David,Neutral,Damaged,280,1,Yes,4,No
1336,60278,Bob,Good,Technical,123,3,Yes,4,Yes
1337,30339,Alice,Neutral,Damaged,116,1,No,2,No
1338,90501,David,Bad,Damaged,172,2,No,3,No
1339,81732,Bob,Good,Shipping,125,4,No,1,No
1340,83038,David,Bad,Return,164,4,No,1,Yes
1341,28445,Bob,Bad,Shipping,13,1,Yes,4,Yes
1342,54590,Bob,Neutral,Payment,21,2,No,1,No
1343,42832,Eve,Good,Payment,119,3,No,3,Yes
1344,96477,David,Good,Shipping,296,4,No,4,Yes
1345,96037,Charlie,Bad,Shipping,10,4,Yes,2,No
1346,19765,Eve,Bad,Delivery,293,2,Yes,3,Yes
1347,40843,Eve,Bad,Return,183,2,No,1,No
1348,24857,Eve,Good,Payment,209,1,Yes,3,No
1349,87705,Eve,Neutral,Payment,250,3,No,5,Yes
1350,38053,Alice,Bad,Shipping,196,5,Yes,5,No
1351,62975,Alice,Bad,Technical,166,4,Yes,1,No
1352,16321,Bob,Bad,Shipping,288,4,Yes,2,Yes
1353,26396,Eve,Bad,Billing,220,4,Yes,1,No
1354,91897,David,Neutral,Shipping,241,3,Yes,3,No
1355,21112,Alice,Bad,Technical,161,1,No,2,Yes
1356,30202,Alice,Bad,Billing,142,2,Yes,1,No
1357,96094,Bob,Good,Billing,83,5,Yes,4,No
1358,97499,David,Good,Shipping,289,1,No,5,Yes
1359,89268,Charlie,Bad,Technical,66,4,Yes,2,Yes
1360,50868,Charlie,Neutral,Return,37,5,Yes,2,No
1361,85995,Bob,Bad,Return,94,3,No,3,Yes
1362,86693,Eve,Good,Payment,130,4,Yes,1,No
1363,47787,Eve,Good,Billing,131,1,No,4,Yes
1364,98765,Alice,Good,Technical,168,4,Yes,4,No
1365,18678,Eve,Bad,Delivery,197,1,Yes,3,No
1366,94645,Charlie,Good,Shipping,197,5,Yes,2,No
1367,22451,Bob,Neutral,Delivery,222,5,No,5,No
1368,51784,David,Bad,Payment,66,2,Yes,4,Yes
1369,39496,Eve,Good,Damaged,123,4,No,3,Yes
1370,10440,David,Neutral,Damaged,112,2,No,4,Yes
1371,25747,Charlie,Neutral,Technical,91,1,No,1,Yes
1372,26888,Charlie,Good,Damaged,9,1,Yes,5,No
1373,93981,David,Bad,Technical,262,1,Yes,3,Yes
1374,84654,Alice,Bad,Billing,181,5,Yes,4,Yes
1375,45880,Charlie,Bad,Shipping,271,5,Yes,5,Yes
1376,51746,Alice,Good,Payment,262,1,Yes,1,Yes
1377,21387,Bob,Good,Return,263,3,Yes,2,No
1378,79924,Alice,Bad,Billing,296,5,Yes,2,No
1379,71267,Eve,Good,Delivery,69,4,Yes,5,Yes
1380,82229,Charlie,Good,Damaged,14,4,Yes,4,Yes
1381,17422,Eve,Bad,Delivery,22,5,No,4,No
1382,53006,Alice,Good,Technical,14,2,Yes,1,Yes
1383,70612,Charlie,Bad,Return,94,3,No,2,No
1384,28844,Bob,Good,Technical,158,2,Yes,4,Yes
1385,19843,Charlie,Good,Return,113,1,Yes,1,No
1386,90040,Bob,Good,Delivery,202,3,No,5,No
1387,87394,David,Good,Technical,16,5,No,2,Yes
1388,11592,David,Neutral,Damaged,257,3,Yes,2,No
1389,86491,Charlie,Neutral,Damaged,262,1,Yes,5,No
1390,99078,Alice,Bad,Damaged,226,5,No,4,No
1391,28187,David,Good,Shipping,110,5,No,1,No
1392,49575,David,Neutral,Billing,99,4,No,5,No
1393,95399,Bob,Bad,Return,29,3,No,3,No
1394,43643,Eve,Neutral,Return,232,4,No,5,Yes
1395,80247,Bob,Good,Payment,207,5,No,1,No
1396,96246,Bob,Neutral,Return,51,3,No,3,No
1397,79487,Alice,Neutral,Damaged,185,3,No,1,No
1398,47963,David,Neutral,Return,197,1,No,4,No
1399,48234,Bob,Good,Shipping,104,5,Yes,4,No
1400,50406,Charlie,Good,Damaged,205,3,No,4,No
1401,22550,Alice,Bad,Technical,285,2,Yes,4,Yes
1402,12510,Eve,Bad,Technical,135,2,No,2,No
1403,14546,Alice,Neutral,Technical,270,1,Yes,1,No
1404,21952,Alice,Bad,Technical,33,4,Yes,5,Yes
1405,25371,Alice,Bad,Payment,72,2,No,3,Yes
1406,48870,Eve,Neutral,Damaged,68,2,No,4,No
1407,22350,David,Neutral,Return,93,5,No,3,No
1408,20480,Eve,Bad,Return,91,4,Yes,3,Yes
1409,65683,David,Bad,Billing,180,5,Yes,1,No
1410,73809,Charlie,Good,Shipping,17,5,No,4,No
1411,67253,David,Neutral,Delivery,297,5,Yes,3,No
1412,61209,Eve,Good,Shipping,232,2,No,2,No
1413,41740,Bob,Neutral,Delivery,125,5,No,3,Yes
1414,96748,Bob,Good,Payment,154,2,Yes,5,Yes
1415,86491,Charlie,Good,Shipping,125,5,No,5,Yes
1416,98644,Bob,Good,Return,270,4,No,1,Yes
1417,38520,David,Good,Return,71,4,No,3,No
1418,67903,Alice,Good,Technical,169,3,Yes,3,Yes
1419,72767,Eve,Neutral,Technical,201,4,No,3,No
1420,71393,Eve,Good,Billing,60,3,No,1,Yes
1421,48286,Bob,Good,Return,231,1,No,1,No
1422,34657,Alice,Bad,Billing,145,3,Yes,2,No
1423,23440,Charlie,Neutral,Delivery,276,2,Yes,1,Yes
1424,96286,Eve,Bad,Payment,137,4,No,1,No
1425,43459,Charlie,Good,Billing,168,3,No,5,Yes
1426,64361,Eve,Good,Damaged,84,1,No,1,No
1427,87481,David,Neutral,Damaged,76,2,Yes,3,Yes
1428,84099,Eve,Bad,Billing,187,5,No,3,No
1429,95380,David,Bad,Delivery,76,2,No,4,No
1430,84360,Charlie,Good,Shipping,282,2,Yes,1,Yes
1431,78411,Eve,Bad,Shipping,135,2,No,3,Yes
1432,11477,Eve,Good,Return,249,5,Yes,2,No
1433,89784,Bob,Good,Payment,179,5,No,3,No
1434,87376,Bob,Bad,Return,235,5,Yes,2,No
1435,86944,Alice,Good,Shipping,64,2,No,4,Yes
1436,25624,Alice,Neutral,Return,142,2,Yes,5,Yes
1437,22789,David,Bad,Shipping,267,5,Yes,4,No
1438,87604,Eve,Neutral,Technical,143,5,Yes,3,Yes
1439,69585,Charlie,Bad,Delivery,157,1,Yes,2,No
1440,94081,Alice,Bad,Return,218,1,No,5,No
1441,60336,Eve,Good,Billing,19,1,Yes,5,Yes
1442,72719,Bob,Neutral,Technical,96,1,No,3,Yes
1443,61959,David,Bad,Technical,297,1,Yes,2,Yes
1444,83342,Bob,Neutral,Delivery,50,3,No,5,No
1445,45213,Charlie,Good,Delivery,156,4,No,5,No
1446,61631,Bob,Neutral,Payment,114,1,Yes,4,Yes
1447,52192,Bob,Neutral,Shipping,221,4,No,2,Yes
1448,16816,Alice,Neutral,Technical,41,4,Yes,1,Yes
1449,58600,David,Good,Return,24,2,Yes,3,Yes
1450,57806,Bob,Bad,Payment,190,4,Yes,4,Yes
1451,33755,Eve,Neutral,Damaged,297,4,Yes,5,Yes
1452,49299,Charlie,Good,Technical,183,2,Yes,4,No
1453,22718,Eve,Neutral,Payment,130,4,Yes,3,Yes
1454,15023,Bob,Bad,Technical,279,4,Yes,4,Yes
1455,45560,Eve,Bad,Return,34,5,Yes,5,Yes
1456,39600,Eve,Good,Delivery,152,5,Yes,3,Yes
1457,48713,Alice,Bad,Delivery,233,5,Yes,1,No
1458,80977,Eve,Bad,Technical,251,4,Yes,3,No
1459,52389,Bob,Good,Shipping,218,2,Yes,4,No
1460,79453,Charlie,Neutral,Payment,84,3,Yes,4,Yes
1461,74745,Charlie,Neutral,Shipping,86,2,No,2,Yes
1462,37853,Bob,Good,Damaged,225,2,No,4,No
1463,75168,David,Good,Billing,225,3,Yes,3,Yes
1464,18157,David,Neutral,Technical,282,4,No,2,No
1465,27354,Eve,Neutral,Delivery,238,1,No,4,Yes
1466,55931,Eve,Good,Payment,145,4,Yes,2,Yes
1467,36169,Alice,Bad,Payment,23,2,Yes,4,No
1468,83862,Bob,Neutral,Delivery,63,1,Yes,2,No
1469,76566,David,Good,Damaged,164,5,Yes,1,No
1470,66967,Bob,Good,Return,175,3,Yes,3,No
1471,30844,Eve,Bad,Damaged,180,2,Yes,5,No
1472,64363,Alice,Good,Damaged,273,2,Yes,5,No
1473,97849,Alice,Good,Return,297,5,Yes,4,No
1474,33299,Bob,Good,Shipping,273,2,No,4,Yes
1475,87091,Eve,Bad,Billing,67,1,No,4,Yes
1476,82492,Alice,Bad,Technical,280,1,No,5,No
1477,83989,David,Neutral,Damaged,216,5,No,2,Yes
1478,85228,Charlie,Good,Shipping,200,5,No,2,No
1479,68634,David,Bad,Technical,65,1,Yes,1,Yes
1480,75062,Charlie,Bad,Delivery,89,5,Yes,4,No
1481,36302,Alice,Neutral,Damaged,131,3,Yes,1,Yes
1482,52038,Alice,Bad,Delivery,217,5,No,3,No
1483,47562,Eve,Neutral,Payment,59,1,No,1,Yes
1484,67469,Alice,Good,Delivery,156,3,Yes,3,No
1485,38636,David,Bad,Billing,292,2,Yes,3,No
1486,50226,Charlie,Bad,Damaged,205,2,Yes,1,Yes
1487,72054,Bob,Neutral,Damaged,224,2,Yes,3,No
1488,43264,Alice,Bad,Shipping,87,4,Yes,4,Yes
1489,29816,David,Bad,Billing,154,3,No,2,No
1490,38975,Bob,Neutral,Shipping,8,3,No,1,Yes
1491,59857,Bob,Neutral,Technical,234,1,Yes,4,Yes
1492,38108,Bob,Neutral,Return,39,1,No,3,No
1493,93837,David,Bad,Shipping,178,5,No,3,No
1494,23779,David,Good,Delivery,223,1,No,2,Yes
1495,33660,Eve,Good,Delivery,176,1,No,3,No
1496,73957,Eve,Bad,Return,279,3,Yes,2,Yes
1497,89898,Alice,Bad,Technical,129,5,No,5,Yes
1498,12136,Alice,Bad,Damaged,47,5,Yes,1,No
1499,66505,Charlie,Neutral,Billing,33,1,No,3,No
1500,43365,Alice,Good,Payment,268,5,Yes,3,No
1501,53403,Charlie,Bad,Payment,271,2,Yes,2,No
1502,41254,Charlie,Good,Damaged,283,1,No,5,No
1503,10727,David,Good,Delivery,47,2,Yes,2,Yes
1504,79944,Eve,Bad,Delivery,144,4,No,2,No
1505,14661,Bob,Good,Billing,85,5,No,1,No
1506,57310,David,Bad,Delivery,233,3,No,4,Yes
1507,79500,Eve,Bad,Technical,136,1,Yes,4,No
1508,56365,Alice,Good,Shipping,266,4,Yes,3,No
1509,67457,David,Bad,Return,29,2,No,5,No
1510,66120,David,Bad,Billing,186,1,No,2,Yes
1511,59139,David,Good,Delivery,17,2,Yes,5,No
1512,85444,Bob,Neutral,Damaged,212,3,No,1,No
1513,63938,Eve,Good,Return,264,3,No,2,Yes
1514,40994,Bob,Good,Payment,295,2,Yes,3,Yes
1515,29740,Charlie,Neutral,Shipping,44,1,No,1,Yes
1516,28754,Bob,Good,Return,97,4,Yes,4,No
1517,88747,Alice,Bad,Damaged,17,3,No,3,No
1518,43197,Charlie,Good,Payment,159,2,No,4,No
1519,35421,Charlie,Good,Payment,263,1,Yes,5,No
1520,59708,Alice,Good,Delivery,126,5,Yes,5,Yes
1521,33841,Bob,Good,Damaged,136,5,Yes,2,Yes
1522,16929,Alice,Good,Return,50,1,No,4,Yes
1523,98131,Bob,Bad,Delivery,64,3,Yes,3,Yes
1524,44617,Charlie,Bad,Return,72,1,No,3,No
1525,73640,Bob,Good,Delivery,131,4,Yes,2,No
1526,36637,Eve,Good,Payment,12,1,No,4,No
1527,28553,Bob,Bad,Return,197,1,Yes,2,No
1528,67181,Eve,Neutral,Technical,132,5,Yes,3,Yes
1529,30696,Eve,Good,Shipping,120,3,No,5,Yes
1530,57619,Alice,Bad,Technical,8,1,No,3,Yes
1531,63825,Bob,Good,Return,117,4,No,1,Yes
1532,34514,Eve,Bad,Shipping,186,3,Yes,4,Yes
1533,18603,David,Bad,Payment,191,5,Yes,3,Yes
1534,25469,Alice,Bad,Delivery,259,3,No,4,No
1535,89991,David,Neutral,Return,242,5,Yes,4,No
1536,52154,Bob,Good,Shipping,169,3,No,1,No
1537,12592,Alice,Good,Payment,246,4,No,5,Yes
1538,51079,Alice,Neutral,Shipping,214,3,No,3,Yes
1539,63469,Alice,Neutral,Technical,50,1,Yes,4,Yes
1540,94385,Eve,Good,Technical,136,2,Yes,1,No
1541,95679,Charlie,Neutral,Return,167,3,Yes,1,No
1542,25848,David,Neutral,Return,163,3,Yes,5,Yes
1543,61377,Bob,Good,Payment,168,2,No,5,No
1544,69409,Alice,Bad,Payment,244,1,No,1,Yes
1545,80907,Alice,Good,Return,54,2,No,5,Yes
1546,30613,Charlie,Good,Payment,16,3,No,3,No
1547,20403,Bob,Bad,Payment,124,1,Yes,3,No
1548,67239,David,Bad,Delivery,197,3,Yes,5,No
1549,73407,David,Bad,Return,15,2,Yes,2,No
1550,53066,Charlie,Neutral,Billing,94,2,Yes,4,Yes
1551,92330,Charlie,Bad,Delivery,33,5,Yes,1,No
1552,87276,David,Good,Billing,218,3,Yes,2,Yes
1553,43858,Alice,Neutral,Return,251,4,Yes,3,No
1554,89940,Eve,Bad,Technical,100,4,Yes,3,No
1555,16118,Charlie,Neutral,Billing,57,5,No,4,Yes
1556,49322,Eve,Neutral,Shipping,87,5,Yes,3,No
1557,95227,Charlie,Neutral,Damaged,289,4,No,4,Yes
1558,67702,Alice,Bad,Technical,146,3,Yes,2,No
1559,24290,Bob,Bad,Damaged,26,2,Yes,2,Yes
1560,28690,Charlie,Good,Delivery,140,5,No,3,No
1561,42036,Bob,Good,Delivery,118,2,No,1,Yes
1562,75072,Charlie,Neutral,Payment,288,3,Yes,5,Yes
1563,88375,Alice,Good,Payment,225,5,Yes,3,No
1564,95442,Alice,Neutral,Billing,295,1,No,3,Yes
1565,44428,Alice,Good,Billing,117,3,No,5,Yes
1566,17840,Alice,Bad,Billing,294,2,No,3,No
1567,53691,Bob,Neutral,Return,122,5,Yes,1,No
1568,85223,Charlie,Neutral,Damaged,101,3,No,1,Yes
1569,66778,Charlie,Neutral,Billing,114,5,Yes,5,Yes
1570,50348,Eve,Good,Technical,78,4,Yes,4,No
1571,78274,Eve,Good,Billing,273,2,Yes,2,No
1572,95428,Eve,Bad,Billing,245,2,Yes,5,Yes
1573,42231,Bob,Neutral,Return,32,3,Yes,3,No
1574,96454,David,Bad,Shipping,84,1,No,4,Yes
1575,90935,Alice,Neutral,Billing,71,2,No,4,No
1576,69435,Charlie,Neutral,Technical,256,2,No,3,No
1577,81048,Charlie,Good,Return,28,4,Yes,5,Yes
1578,78051,Alice,Good,Return,146,2,No,5,Yes
1579,90677,Charlie,Neutral,Delivery,278,2,Yes,5,Yes
1580,58690,David,Neutral,Shipping,169,2,Yes,3,Yes
1581,92614,Eve,Neutral,Technical,7,3,Yes,1,Yes
1582,61054,Eve,Neutral,Technical,168,5,No,2,Yes
1583,76356,David,Neutral,Shipping,106,2,No,4,Yes
1584,81013,Bob,Neutral,Delivery,65,4,Yes,1,Yes
1585,27497,Charlie,Neutral,Return,7,4,No,1,No
1586,31374,Bob,Neutral,Delivery,284,1,Yes,1,No
1587,95326,David,Neutral,Shipping,28,5,Yes,4,No
1588,94296,Charlie,Good,Billing,8,5,No,2,No
1589,45838,David,Neutral,Payment,55,1,Yes,3,Yes
1590,67056,Eve,Neutral,Payment,159,5,No,4,No
1591,16119,Eve,Neutral,Delivery,257,1,No,2,Yes
1592,75261,Charlie,Neutral,Billing,228,2,Yes,2,Yes
1593,40294,Charlie,Bad,Delivery,136,4,No,4,Yes
1594,30136,David,Bad,Shipping,219,3,No,5,Yes
1595,37440,Eve,Good,Payment,126,3,No,3,No
1596,34266,Bob,Neutral,Payment,264,1,Yes,4,No
1597,98780,Alice,Good,Payment,265,2,Yes,5,No
1598,50514,Charlie,Neutral,Return,73,2,Yes,4,No
1599,71559,Charlie,Bad,Billing,151,2,No,3,No
1600,90965,Charlie,Neutral,Technical,227,4,Yes,3,No
1601,28207,Bob,Bad,Return,17,1,No,2,No
1602,20186,Charlie,Good,Delivery,61,1,No,1,Yes
1603,17019,David,Neutral,Delivery,223,3,No,1,No
1604,38884,Eve,Good,Shipping,228,3,No,4,No
1605,12657,David,Neutral,Billing,28,2,No,4,Yes
1606,36475,Charlie,Good,Return,99,1,Yes,5,Yes
1607,42765,Eve,Neutral,Payment,104,2,No,1,Yes
1608,23142,Alice,Neutral,Technical,201,1,No,2,No
1609,89498,Bob,Good,Shipping,19,1,Yes,4,Yes
1610,43159,David,Neutral,Billing,258,1,Yes,5,No
1611,67388,Bob,Good,Return,92,5,Yes,3,Yes
1612,41221,David,Neutral,Payment,122,5,Yes,2,No
1613,54860,Bob,Good,Shipping,28,5,Yes,4,No
1614,98133,Charlie,Good,Shipping,236,5,No,1,Yes
1615,96755,Charlie,Bad,Shipping,47,1,No,2,No
1616,60632,Bob,Neutral,Technical,65,2,Yes,3,No
1617,15998,Charlie,Neutral,Return,245,5,No,1,Yes
1618,45068,Charlie,Neutral,Billing,15,5,Yes,5,Yes
1619,70247,Eve,Neutral,Technical,239,1,Yes,3,Yes
1620,48767,Eve,Good,Return,168,1,No,1,Yes
1621,65773,Bob,Neutral,Payment,52,2,Yes,5,Yes
1622,18220,David,Good,Shipping,13,4,Yes,3,Yes
1623,31241,Bob,Neutral,Payment,201,1,Yes,2,No
1624,50602,Bob,Good,Shipping,242,4,Yes,1,Yes
1625,95851,David,Good,Payment,170,5,No,4,No
1626,97193,David,Bad,Shipping,278,3,Yes,3,No
1627,24886,Eve,Bad,Return,254,2,Yes,1,Yes
1628,35694,Charlie,Bad,Billing,41,1,Yes,4,Yes
1629,69114,Bob,Neutral,Delivery,92,3,No,4,Yes
1630,18842,David,Neutral,Billing,43,5,Yes,3,No
1631,39297,Eve,Neutral,Delivery,158,4,Yes,4,No
1632,95731,Alice,Bad,Damaged,29,2,Yes,5,No
1633,14232,David,Good,Damaged,254,3,No,3,Yes
1634,15155,David,Bad,Billing,253,5,No,4,Yes
1635,61371,David,Neutral,Shipping,81,5,No,2,No
1636,22545,Alice,Good,Return,42,5,No,1,No
1637,59813,Charlie,Good,Technical,182,2,Yes,1,Yes
1638,64881,Charlie,Neutral,Billing,37,4,Yes,5,Yes
1639,46915,Bob,Good,Damaged,256,4,No,4,Yes
1640,56910,Alice,Good,Damaged,174,1,Yes,4,Yes
1641,91379,David,Bad,Delivery,201,5,No,3,No
1642,85288,Eve,Neutral,Billing,91,4,Yes,2,Yes
1643,63799,Charlie,Bad,Shipping,102,2,No,5,Yes
1644,90640,Alice,Bad,Return,273,2,No,2,Yes
1645,63475,Alice,Good,Return,213,1,Yes,4,No
1646,99841,Eve,Bad,Damaged,276,1,Yes,5,No
1647,71842,Bob,Bad,Shipping,250,1,Yes,3,No
1648,10682,Charlie,Bad,Delivery,17,1,No,4,Yes
1649,94508,Alice,Neutral,Return,218,4,No,1,No
1650,89711,Bob,Good,Damaged,76,5,No,2,Yes
1651,91088,Alice,Bad,Shipping,144,5,Yes,5,No
1652,37445,Eve,Bad,Shipping,117,3,Yes,1,No
1653,74789,Bob,Bad,Billing,93,5,Yes,2,No
1654,60161,Bob,Neutral,Technical,59,3,Yes,3,No
1655,88955,Bob,Bad,Payment,195,3,No,1,Yes
1656,43419,Bob,Good,Return,285,5,No,5,Yes
1657,33433,Charlie,Neutral,Shipping,73,3,Yes,3,No
1658,79636,Eve,Neutral,Shipping,224,4,Yes,5,Yes
1659,65343,Bob,Bad,Delivery,46,5,No,2,Yes
1660,87328,David,Bad,Billing,120,5,No,1,Yes
1661,11944,Bob,Bad,Payment,15,4,No,4,No
1662,44501,David,Good,Delivery,247,2,Yes,3,No
1663,81897,Charlie,Bad,Delivery,158,1,No,1,Yes
1664,94745,Eve,Neutral,Return,275,5,Yes,2,No
1665,70848,Bob,Bad,Damaged,135,4,No,1,No
1666,42806,Alice,Neutral,Return,142,3,No,4,No
1667,75049,Charlie,Good,Payment,142,5,Yes,3,Yes
1668,18501,Charlie,Good,Damaged,114,1,No,3,Yes
1669,53412,Alice,Bad,Technical,17,2,Yes,3,Yes
1670,67945,Charlie,Good,Technical,139,5,Yes,5,Yes
1671,95950,Bob,Good,Billing,104,5,No,2,No
1672,14567,Charlie,Bad,Technical,168,5,Yes,4,No
1673,38722,Charlie,Good,Billing,185,2,No,4,Yes
1674,30056,Charlie,Bad,Technical,222,5,Yes,5,No
1675,96189,Charlie,Bad,Billing,39,4,No,4,Yes
1676,40185,Eve,Bad,Technical,55,1,No,1,Yes
1677,18555,Charlie,Good,Delivery,18,4,Yes,5,Yes
1678,85236,Eve,Neutral,Return,238,5,No,5,Yes
1679,14643,David,Neutral,Return,6,1,No,2,No
1680,18554,Alice,Neutral,Shipping,172,5,Yes,5,Yes
1681,10911,Eve,Bad,Billing,157,2,Yes,3,No
1682,51166,Eve,Good,Billing,268,1,Yes,3,Yes
1683,82771,Alice,Good,Damaged,110,4,No,5,No
1684,30583,Charlie,Neutral,Damaged,191,3,No,3,Yes
1685,58766,David,Bad,Payment,152,5,No,5,Yes
1686,27392,Eve,Good,Delivery,204,1,Yes,5,Yes
1687,43286,Bob,Neutral,Return,248,4,Yes,4,No
1688,12312,Eve,Good,Shipping,17,2,No,3,Yes
1689,42653,Eve,Bad,Shipping,120,4,Yes,3,No
1690,37847,Bob,Neutral,Technical,229,4,No,4,Yes
1691,48524,Bob,Bad,Billing,295,4,Yes,4,Yes
1692,93224,Alice,Neutral,Billing,245,2,No,3,Yes
1693,77248,Charlie,Good,Technical,281,3,No,5,Yes
1694,62776,Bob,Good,Return,159,4,No,4,No
1695,77961,Bob,Bad,Shipping,180,1,Yes,4,No
1696,44808,Charlie,Good,Damaged,26,3,Yes,2,Yes
1697,64669,David,Good,Payment,105,5,Yes,4,Yes
1698,66916,Alice,Good,Billing,40,4,Yes,1,Yes
1699,56779,David,Bad,Shipping,20,3,No,2,No
1700,74411,Charlie,Good,Return,77,3,No,1,No
1701,41510,Eve,Bad,Damaged,137,1,Yes,3,No
1702,68875,David,Bad,Return,25,4,No,3,Yes
1703,74155,Eve,Good,Technical,125,1,No,5,Yes
1704,28201,David,Bad,Delivery,138,5,No,2,Yes
1705,79508,Eve,Good,Return,240,4,Yes,2,Yes
1706,92371,David,Neutral,Billing,249,3,Yes,5,Yes
1707,68895,Alice,Neutral,Return,163,3,Yes,3,Yes
1708,94245,Alice,Good,Damaged,170,3,No,2,Yes
1709,58355,Alice,Neutral,Return,247,4,Yes,5,Yes
1710,19974,Eve,Good,Damaged,93,1,No,1,Yes
1711,11133,Eve,Neutral,Billing,272,5,No,2,Yes
1712,79622,Charlie,Bad,Damaged,53,4,No,1,Yes
1713,21619,Eve,Good,Technical,191,2,Yes,2,Yes
1714,46829,Charlie,Bad,Delivery,228,4,Yes,1,No
1715,41043,David,Neutral,Technical,253,3,No,1,Yes
1716,62185,Bob,Good,Payment,169,1,No,4,Yes
1717,51136,David,Bad,Technical,106,5,Yes,4,No
1718,43946,Eve,Bad,Billing,101,5,Yes,1,No
1719,73017,Alice,Neutral,Shipping,276,1,No,3,Yes
1720,42123,Eve,Bad,Damaged,246,2,Yes,1,Yes
1721,22497,Bob,Bad,Technical,153,4,No,2,Yes
1722,66673,Charlie,Neutral,Technical,260,2,Yes,4,Yes
1723,67835,David,Bad,Technical,65,5,No,4,No
1724,30037,Alice,Bad,Return,10,2,No,3,No
1725,83625,Alice,Neutral,Damaged,264,5,No,5,No
1726,26784,Alice,Neutral,Delivery,38,3,No,5,Yes
1727,97548,Bob,Neutral,Return,271,2,No,5,Yes
1728,13622,Bob,Neutral,Return,260,5,Yes,2,Yes
1729,24808,Eve,Bad,Technical,254,5,No,4,Yes
1730,68165,Eve,Neutral,Return,260,2,No,2,Yes
1731,97658,Bob,Bad,Return,98,4,Yes,3,Yes
1732,26293,Charlie,Neutral,Damaged,35,4,No,4,Yes
1733,67992,Charlie,Good,Payment,127,3,No,3,No
1734,29856,Eve,Neutral,Payment,204,4,Yes,3,Yes
1735,46808,David,Neutral,Damaged,229,3,Yes,2,No
1736,84092,David,Good,Payment,135,5,Yes,4,Yes
1737,91869,Charlie,Good,Damaged,116,5,No,2,No
1738,81119,Alice,Good,Technical,272,3,No,5,No
1739,11405,Alice,Neutral,Payment,221,1,No,4,Yes
1740,33819,Charlie,Bad,Billing,56,4,Yes,2,No
1741,45817,Eve,Neutral,Return,52,5,Yes,5,No
1742,20393,Bob,Bad,Delivery,252,3,No,2,Yes
1743,53695,Eve,Bad,Payment,163,5,No,4,No
1744,92129,Charlie,Bad,Billing,161,1,Yes,1,No
1745,88500,Alice,Neutral,Billing,260,3,Yes,4,No
1746,87630,Alice,Good,Damaged,279,4,Yes,4,Yes
1747,22177,Alice,Bad,Payment,272,4,No,2,Yes
1748,69609,Alice,Good,Payment,218,2,Yes,4,Yes
1749,29257,Alice,Neutral,Technical,53,4,Yes,3,No
1750,69425,Alice,Good,Damaged,275,3,Yes,5,No
1751,31987,Charlie,Bad,Billing,150,4,No,5,Yes
1752,62532,Charlie,Bad,Shipping,217,3,No,5,No
1753,82671,Alice,Bad,Technical,140,1,Yes,2,No
1754,37251,Bob,Bad,Billing,156,4,Yes,3,Yes
1755,82586,Alice,Neutral,Damaged,84,5,No,2,Yes
1756,18702,Eve,Neutral,Delivery,272,3,Yes,4,No
1757,31437,Charlie,Neutral,Technical,218,5,No,3,Yes
1758,40103,Eve,Good,Shipping,210,4,Yes,4,No
1759,93519,Charlie,Bad,Return,102,5,Yes,3,No
1760,20142,David,Neutral,Damaged,194,2,Yes,3,Yes
1761,93893,Alice,Neutral,Damaged,110,2,Yes,3,Yes
1762,86612,David,Good,Billing,192,4,Yes,5,Yes
1763,79752,Charlie,Neutral,Payment,204,4,Yes,2,Yes
1764,17915,Charlie,Bad,Damaged,90,1,Yes,2,Yes
1765,83056,Eve,Neutral,Shipping,136,3,No,4,Yes
1766,16549,Bob,Neutral,Shipping,162,2,No,4,No
1767,83540,Eve,Neutral,Return,125,2,No,2,No
1768,59451,Alice,Neutral,Payment,80,1,Yes,4,No
1769,75669,David,Neutral,Damaged,43,5,Yes,5,No
1770,95078,Charlie,Bad,Payment,58,3,Yes,5,Yes
1771,52711,Bob,Bad,Billing,109,1,No,3,Yes
1772,33489,Eve,Neutral,Damaged,222,4,Yes,4,No
1773,27534,Alice,Bad,Shipping,180,2,Yes,1,Yes
1774,83590,Bob,Good,Technical,65,4,No,4,Yes
1775,93963,Bob,Bad,Payment,124,3,Yes,2,No
1776,10855,David,Bad,Damaged,52,3,No,2,No
1777,33615,Charlie,Good,Payment,42,4,Yes,5,No
1778,37642,David,Bad,Technical,216,4,Yes,3,Yes
1779,81523,Charlie,Bad,Delivery,167,3,No,1,Yes
1780,76537,David,Neutral,Technical,52,5,Yes,5,Yes
1781,59225,Bob,Good,Delivery,175,4,No,1,Yes
1782,87143,Alice,Good,Shipping,239,1,No,5,No
1783,46468,David,Bad,Return,273,1,Yes,1,No
1784,73171,Alice,Good,Delivery,245,4,Yes,5,No
1785,12175,Charlie,Neutral,Billing,126,2,No,2,No
1786,88281,Eve,Bad,Return,220,4,No,4,Yes
1787,74778,Alice,Neutral,Payment,253,4,Yes,2,Yes
1788,83349,David,Neutral,Payment,280,2,Yes,1,No
1789,95439,David,Bad,Billing,36,3,No,1,No
1790,36111,David,Good,Billing,95,4,No,4,Yes
1791,28536,Charlie,Good,Billing,39,5,Yes,4,No
1792,92120,Eve,Neutral,Technical,87,3,Yes,5,No
1793,54023,Eve,Good,Shipping,73,5,No,5,No
1794,79127,Alice,Neutral,Return,234,1,Yes,4,No
1795,99252,Eve,Good,Damaged,24,1,Yes,1,Yes
1796,49280,David,Good,Billing,69,5,No,2,Yes
1797,29539,Charlie,Bad,Damaged,133,1,Yes,5,Yes
1798,23140,Charlie,Neutral,Return,287,5,No,2,No
1799,81831,David,Bad,Delivery,76,5,Yes,4,Yes
1800,91098,Alice,Bad,Technical,266,2,Yes,2,No
1801,77630,Charlie,Good,Billing,164,3,Yes,2,Yes
1802,21004,Charlie,Bad,Return,12,3,Yes,2,No
1803,52029,Eve,Good,Return,102,2,No,5,No
1804,50172,Eve,Good,Delivery,258,5,Yes,4,Yes
1805,19526,Alice,Neutral,Technical,42,1,No,1,Yes
1806,23740,Charlie,Neutral,Billing,290,5,No,5,No
1807,13115,Charlie,Good,Billing,20,1,No,1,No
1808,46971,Alice,Neutral,Technical,156,5,No,4,Yes
1809,82756,Charlie,Bad,Billing,63,3,Yes,1,Yes
1810,99570,Bob,Bad,Technical,209,1,Yes,1,No
1811,40173,David,Good,Payment,225,5,No,5,Yes
1812,33702,David,Neutral,Shipping,70,5,Yes,4,No
1813,71465,Bob,Neutral,Delivery,274,4,No,4,Yes
1814,72505,Eve,Good,Payment,196,5,Yes,5,No
1815,17236,Bob,Good,Shipping,59,4,No,4,Yes
1816,46048,Eve,Good,Return,23,2,No,3,Yes
1817,28319,Alice,Bad,Shipping,188,2,No,4,No
1818,96302,Charlie,Bad,Delivery,11,3,No,5,No
1819,43271,Charlie,Neutral,Return,18,3,No,4,Yes
1820,78307,Alice,Good,Delivery,144,3,Yes,4,Yes
1821,58615,Charlie,Bad,Payment,44,3,No,3,No
1822,16727,Bob,Bad,Technical,128,5,No,2,Yes
1823,74521,Eve,Good,Technical,139,4,Yes,3,No
1824,60848,Alice,Neutral,Technical,245,4,Yes,3,Yes
1825,34714,Alice,Bad,Payment,54,1,Yes,2,Yes
1826,85423,Alice,Neutral,Return,164,1,No,3,No
1827,24044,Bob,Good,Delivery,244,3,No,2,No
1828,76831,Alice,Neutral,Shipping,275,4,Yes,2,Yes
1829,45353,David,Neutral,Delivery,133,5,Yes,1,Yes
1830,50562,Eve,Good,Payment,274,2,No,4,Yes
1831,32676,Eve,Bad,Delivery,188,3,Yes,2,No
1832,45184,Bob,Good,Return,32,2,No,5,No
1833,50297,Bob,Neutral,Technical,43,1,Yes,1,No
1834,49596,Eve,Good,Billing,150,4,No,2,No
1835,29630,Charlie,Good,Return,242,5,Yes,1,Yes
1836,86286,David,Bad,Delivery,46,4,No,5,Yes
1837,46247,Alice,Neutral,Billing,203,3,No,5,Yes
1838,57046,Bob,Bad,Technical,111,1,Yes,4,No
1839,91008,Bob,Good,Shipping,35,2,No,3,No
1840,55270,David,Bad,Payment,33,3,No,2,Yes
1841,18384,Eve,Bad,Technical,256,4,Yes,3,No
1842,24429,Charlie,Good,Billing,191,2,Yes,3,No
1843,88472,Alice,Neutral,Billing,35,1,No,5,No
1844,68318,Charlie,Good,Billing,212,5,Yes,5,Yes
1845,17422,Eve,Good,Delivery,79,4,No,2,No
1846,57885,David,Good,Technical,103,1,No,3,No
1847,96361,Alice,Neutral,Damaged,199,5,No,3,Yes
1848,42207,Charlie,Bad,Technical,288,5,No,1,No
1849,35814,David,Neutral,Damaged,176,1,No,5,No
1850,11322,Alice,Good,Shipping,38,3,No,2,No
1851,45929,Charlie,Neutral,Return,215,3,Yes,5,No
1852,72298,Bob,Good,Technical,24,5,Yes,2,Yes
1853,27452,Charlie,Neutral,Billing,76,3,No,4,Yes
1854,88200,Alice,Good,Technical,195,2,No,5,Yes
1855,88207,Charlie,Good,Return,36,5,No,4,Yes
1856,78504,Bob,Good,Return,294,4,Yes,3,Yes
1857,45775,Eve,Bad,Return,80,3,Yes,1,No
1858,91658,Alice,Good,Technical,51,1,No,2,No
1859,46500,David,Good,Return,204,2,Yes,4,No
1860,50699,Eve,Bad,Damaged,262,4,Yes,3,Yes
1861,44577,Charlie,Good,Billing,297,4,Yes,4,No
1862,77536,Bob,Neutral,Return,181,4,Yes,5,Yes
1863,44290,Bob,Neutral,Technical,67,1,No,1,Yes
1864,24104,Bob,Good,Delivery,96,5,Yes,4,Yes
1865,49885,Alice,Bad,Damaged,24,5,No,3,Yes
1866,79609,Eve,Good,Return,54,4,No,2,Yes
1867,49749,Charlie,Good,Payment,97,1,Yes,4,No
1868,99054,Charlie,Neutral,Shipping,104,2,Yes,3,Yes
1869,86073,Bob,Bad,Delivery,43,1,No,1,Yes
1870,28958,Alice,Good,Damaged,259,3,No,5,Yes
1871,63672,Bob,Good,Technical,38,1,No,4,Yes
1872,59829,Alice,Good,Shipping,127,4,No,5,Yes
1873,15027,David,Bad,Technical,104,5,No,2,No
1874,97107,Alice,Good,Delivery,215,3,Yes,2,Yes
1875,64644,Alice,Good,Damaged,84,1,No,3,Yes
1876,14349,Alice,Neutral,Return,26,4,Yes,3,No
1877,31790,David,Bad,Payment,150,3,No,5,No
1878,89331,Alice,Bad,Delivery,148,1,Yes,1,No
1879,80464,Eve,Bad,Shipping,115,3,No,2,Yes
1880,42838,Charlie,Good,Return,49,2,Yes,1,Yes
1881,68885,Charlie,Neutral,Delivery,252,1,No,4,Yes
1882,38579,Bob,Neutral,Payment,79,4,No,3,Yes
1883,24865,Eve,Neutral,Shipping,262,1,No,1,No
1884,76276,Charlie,Bad,Payment,160,5,Yes,2,Yes
1885,56445,Alice,Bad,Shipping,128,4,Yes,1,Yes
1886,27417,Charlie,Neutral,Shipping,233,4,No,2,No
1887,34775,Alice,Neutral,Billing,86,5,No,4,Yes
1888,82264,David,Bad,Technical,116,1,No,3,Yes
1889,79700,Bob,Good,Technical,97,1,Yes,3,Yes
1890,99356,David,Bad,Shipping,199,2,No,2,No
1891,43954,David,Neutral,Return,49,2,No,3,No
1892,49315,Alice,Good,Shipping,33,2,No,5,Yes
1893,63075,Alice,Neutral,Billing,12,1,No,1,No
1894,98574,Charlie,Bad,Technical,186,2,Yes,3,No
1895,81870,Bob,Good,Delivery,17,3,No,2,Yes
1896,51956,David,Good,Billing,59,3,No,3,No
1897,78027,David,Neutral,Technical,205,5,No,4,No
1898,28004,Charlie,Bad,Payment,152,5,No,4,No
1899,70158,Bob,Bad,Return,193,5,No,2,Yes
1900,25098,Eve,Neutral,Damaged,139,4,No,1,No
1901,37134,Charlie,Neutral,Payment,192,5,Yes,5,Yes
1902,65690,Alice,Neutral,Damaged,111,5,Yes,1,Yes
1903,37734,Alice,Neutral,Delivery,190,5,Yes,2,No
1904,79487,Alice,Good,Return,203,2,No,2,Yes
1905,14581,Eve,Neutral,Damaged,232,1,Yes,1,Yes
1906,56565,Eve,Neutral,Technical,295,4,No,2,No
1907,85604,David,Good,Return,190,4,No,5,Yes
1908,15984,Eve,Good,Billing,221,2,Yes,2,No
1909,70242,Eve,Neutral,Delivery,12,4,Yes,1,Yes
1910,28949,Eve,Bad,Damaged,141,3,Yes,4,Yes
1911,62619,Charlie,Neutral,Shipping,230,3,Yes,2,Yes
1912,61742,Bob,Neutral,Billing,276,3,No,2,No
1913,68231,Bob,Bad,Billing,11,2,No,2,No
1914,79838,Bob,Bad,Damaged,68,2,No,3,No
1915,82692,Bob,Neutral,Payment,35,1,Yes,1,No
1916,96469,Alice,Bad,Delivery,234,2,Yes,3,No
1917,23569,David,Good,Technical,137,2,Yes,4,Yes
1918,42457,Alice,Neutral,Payment,243,5,Yes,5,No
1919,10966,Bob,Good,Delivery,50,1,Yes,4,No
1920,49510,David,Bad,Shipping,262,1,No,4,Yes
1921,11639,David,Neutral,Return,7,4,No,4,No
1922,29301,Alice,Neutral,Delivery,47,4,No,2,No
1923,29536,Charlie,Bad,Technical,287,1,Yes,5,Yes
1924,57375,Eve,Good,Delivery,143,1,Yes,4,Yes
1925,64445,Charlie,Neutral,Payment,291,1,Yes,2,Yes
1926,74407,Bob,Good,Payment,123,1,No,5,Yes
1927,12112,Charlie,Bad,Technical,171,3,No,2,No
1928,97227,Alice,Neutral,Shipping,77,1,Yes,4,Yes
1929,67535,Charlie,Neutral,Return,252,1,No,5,Yes
1930,59630,Alice,Bad,Return,56,4,No,5,Yes
1931,21891,Alice,Neutral,Return,17,4,No,2,Yes
1932,15391,Charlie,Good,Delivery,93,1,Yes,2,Yes
1933,36969,Alice,Bad,Return,72,1,Yes,5,Yes
1934,83343,Bob,Neutral,Damaged,249,1,Yes,3,Yes
1935,40575,Alice,Bad,Delivery,123,4,Yes,4,No
1936,72662,Eve,Good,Technical,137,3,Yes,5,Yes
1937,15741,Alice,Neutral,Return,288,5,Yes,5,Yes
1938,31856,Eve,Neutral,Shipping,64,3,No,4,No
1939,42197,Alice,Neutral,Return,290,1,No,1,No
1940,81942,David,Neutral,Delivery,133,3,Yes,1,No
1941,45927,Charlie,Neutral,Payment,298,5,No,5,Yes
1942,22756,Eve,Neutral,Shipping,10,2,Yes,5,Yes
1943,60451,David,Bad,Delivery,66,1,Yes,4,Yes
1944,85450,Eve,Good,Shipping,39,2,No,2,No
1945,23616,Bob,Neutral,Technical,263,2,Yes,4,No
1946,14065,Charlie,Neutral,Shipping,106,1,Yes,5,Yes
1947,36268,Eve,Good,Delivery,285,1,No,2,No
1948,38274,Bob,Bad,Technical,205,2,Yes,2,Yes
1949,62412,Eve,Good,Payment,34,1,No,1,Yes
1950,72778,Charlie,Good,Damaged,263,4,Yes,3,Yes
1951,46585,Eve,Bad,Technical,38,2,Yes,5,No
1952,86672,David,Neutral,Technical,97,2,Yes,4,No
1953,45355,Eve,Good,Return,34,2,Yes,3,Yes
1954,26118,David,Bad,Delivery,161,3,Yes,2,Yes
1955,40597,Charlie,Good,Technical,93,3,No,3,Yes
1956,66494,Alice,Bad,Delivery,166,2,No,4,No
1957,55471,David,Bad,Payment,36,4,No,2,No
1958,15680,David,Good,Shipping,124,1,No,5,Yes
1959,17203,Bob,Neutral,Technical,206,4,No,3,Yes
1960,33379,Charlie,Bad,Payment,296,5,Yes,3,No
1961,67839,Alice,Good,Technical,92,3,No,4,Yes
1962,79401,Charlie,Bad,Billing,114,4,No,1,No
1963,81165,Alice,Neutral,Billing,133,1,Yes,1,No
1964,31154,Eve,Bad,Billing,93,4,Yes,5,Yes
1965,11777,David,Bad,Technical,252,1,No,3,No
1966,90468,Bob,Bad,Delivery,54,1,No,5,Yes
1967,72593,Alice,Bad,Damaged,75,5,Yes,1,Yes
1968,65220,Bob,Bad,Return,159,5,Yes,1,No
1969,23195,Bob,Neutral,Return,291,2,No,4,Yes
1970,10739,David,Neutral,Return,90,1,No,4,Yes
1971,27516,David,Bad,Technical,31,5,No,2,Yes
1972,52595,Bob,Good,Return,160,2,No,1,Yes
1973,34316,Bob,Bad,Damaged,133,5,Yes,5,Yes
1974,97105,Charlie,Bad,Return,71,1,No,2,Yes
1975,10663,Charlie,Good,Payment,239,1,No,3,No
1976,68051,Charlie,Good,Payment,207,3,Yes,5,No
1977,20644,David,Bad,Billing,293,2,No,1,Yes
1978,75762,Bob,Good,Delivery,232,2,No,3,No
1979,44448,David,Good,Delivery,254,4,Yes,3,No
1980,74174,Charlie,Bad,Payment,238,2,Yes,5,No
1981,71282,Alice,Neutral,Return,56,5,Yes,3,No
1982,62556,Alice,Bad,Damaged,20,4,No,3,No
1983,91293,Charlie,Bad,Payment,159,4,No,5,Yes
1984,27830,David,Neutral,Shipping,38,2,Yes,4,Yes
1985,60430,Charlie,Bad,Payment,133,5,Yes,2,Yes
1986,77958,Charlie,Good,Payment,104,5,Yes,1,Yes
1987,14151,Bob,Neutral,Payment,223,4,Yes,1,No
1988,15585,Charlie,Bad,Delivery,78,5,No,3,Yes
1989,18916,Alice,Bad,Shipping,13,1,No,5,No
1990,15055,Eve,Neutral,Payment,285,4,Yes,1,No
1991,96538,Charlie,Neutral,Shipping,73,4,No,3,Yes
1992,95934,David,Neutral,Delivery,139,3,No,4,Yes
1993,54420,Alice,Good,Damaged,8,3,No,2,No
1994,13443,Eve,Neutral,Damaged,130,5,Yes,5,Yes
1995,26565,David,Bad,Billing,139,5,Yes,2,Yes
1996,26465,Alice,Bad,Technical,153,5,No,2,Yes
1997,78568,Charlie,Bad,Billing,239,4,No,1,No
1998,12441,Bob,Bad,Return,130,1,No,3,Yes
1999,99418,Alice,Good,Payment,177,3,Yes,4,No
2000,46296,Eve,Neutral,Technical,184,5,Yes,4,No
2001,43564,David,Bad,Damaged,62,1,Yes,4,No
2002,84556,Eve,Bad,Shipping,41,3,No,3,No
2003,32954,Alice,Good,Delivery,264,4,Yes,2,Yes
2004,41262,Charlie,Neutral,Delivery,211,1,No,2,Yes
2005,37134,David,Good,Return,133,1,Yes,1,Yes
2006,94192,Alice,Bad,Payment,94,2,Yes,5,Yes
2007,40429,Bob,Good,Technical,60,2,Yes,5,Yes
2008,81816,Bob,Bad,Delivery,279,3,No,2,Yes
2009,82234,Alice,Neutral,Billing,267,1,No,1,No
2010,77750,Alice,Good,Technical,136,3,Yes,2,No
2011,44026,Eve,Neutral,Technical,260,1,Yes,5,Yes
2012,98601,David,Bad,Technical,102,4,Yes,4,Yes
2013,13043,Alice,Bad,Payment,121,3,Yes,5,Yes
2014,66664,Alice,Neutral,Payment,170,2,Yes,3,Yes
2015,92062,Alice,Good,Billing,146,2,No,1,Yes
2016,92842,Charlie,Bad,Payment,239,3,Yes,2,Yes
2017,90418,Charlie,Bad,Technical,78,5,No,1,Yes
2018,99426,Charlie,Good,Damaged,123,4,Yes,5,Yes
2019,51079,Bob,Good,Delivery,274,4,Yes,1,No
2020,85264,David,Neutral,Delivery,124,1,Yes,4,No
2021,66374,Charlie,Neutral,Delivery,37,4,No,3,Yes
2022,38575,Eve,Neutral,Damaged,169,4,No,4,No
2023,35195,Charlie,Bad,Shipping,20,3,Yes,4,Yes
2024,48545,Bob,Bad,Return,288,3,No,4,Yes
2025,70556,Alice,Good,Damaged,22,1,Yes,5,Yes
2026,63393,Eve,Good,Damaged,115,4,No,3,No
2027,25412,Alice,Good,Billing,251,5,Yes,1,No
2028,49058,Eve,Good,Delivery,115,3,Yes,1,Yes
2029,24219,David,Good,Billing,83,2,Yes,3,No
2030,13498,Charlie,Good,Shipping,238,2,No,4,No
2031,30869,David,Good,Delivery,83,2,Yes,5,Yes
2032,51798,David,Good,Delivery,231,3,No,2,No
2033,28428,Eve,Good,Return,272,5,Yes,3,Yes
2034,25503,Eve,Neutral,Return,218,2,Yes,4,Yes
2035,82467,David,Bad,Payment,126,2,Yes,5,No
2036,34757,Alice,Bad,Billing,87,3,No,3,No
2037,27909,Alice,Good,Billing,300,1,No,1,Yes
2038,39650,Bob,Good,Shipping,145,4,Yes,4,No
2039,24698,Eve,Neutral,Technical,274,2,Yes,2,Yes
2040,12329,Bob,Bad,Shipping,272,5,Yes,3,Yes
2041,81476,Alice,Bad,Return,258,4,Yes,1,No
2042,76096,Eve,Bad,Payment,123,3,Yes,3,Yes
2043,87552,Charlie,Good,Return,260,5,Yes,2,Yes
2044,22278,Bob,Bad,Billing,294,4,No,1,No
2045,25874,Alice,Neutral,Payment,23,2,Yes,3,Yes
2046,95801,Eve,Bad,Return,262,1,No,5,Yes
2047,76908,Alice,Bad,Billing,269,3,Yes,5,No
2048,19771,Eve,Neutral,Delivery,282,5,Yes,4,No
2049,31665,Bob,Good,Delivery,134,3,Yes,4,Yes
2050,45266,Alice,Good,Payment,220,3,Yes,3,No
2051,47987,Bob,Good,Damaged,167,1,Yes,1,Yes
2052,23492,Eve,Good,Return,99,4,Yes,5,No
2053,65716,Eve,Bad,Shipping,286,2,Yes,1,Yes
2054,10203,Alice,Good,Damaged,252,3,Yes,3,Yes
2055,29192,David,Good,Delivery,131,1,No,1,No
2056,70558,Charlie,Neutral,Billing,243,4,No,3,No
2057,92845,Charlie,Bad,Shipping,122,1,Yes,5,Yes
2058,57830,Alice,Neutral,Damaged,91,5,Yes,5,No
2059,99617,Charlie,Neutral,Technical,184,3,No,3,No
2060,15962,Charlie,Bad,Billing,87,4,Yes,3,No
2061,75103,Charlie,Neutral,Payment,134,1,Yes,4,No
2062,77092,Charlie,Neutral,Shipping,181,3,No,4,Yes
2063,25930,Alice,Bad,Damaged,268,3,No,5,No
2064,60141,Charlie,Good,Delivery,40,3,Yes,1,Yes
2065,61806,Alice,Bad,Payment,264,3,Yes,1,Yes
2066,70928,Eve,Bad,Delivery,121,2,No,2,Yes
2067,95069,Charlie,Bad,Billing,174,2,No,3,Yes
2068,71718,Alice,Good,Return,37,1,Yes,4,Yes
2069,17528,Bob,Good,Delivery,285,4,No,3,Yes
2070,93800,Charlie,Good,Shipping,32,3,No,4,No
2071,98189,David,Good,Billing,233,2,Yes,1,Yes
2072,37143,Bob,Good,Payment,233,3,No,4,No
2073,22770,David,Bad,Shipping,44,5,No,3,Yes
2074,51937,Charlie,Bad,Technical,37,1,No,3,No
2075,39762,Charlie,Bad,Billing,258,1,No,2,Yes
2076,38613,Bob,Bad,Technical,256,5,No,5,Yes
2077,82835,Charlie,Neutral,Damaged,166,4,Yes,3,No
2078,34761,Charlie,Neutral,Technical,241,2,No,2,No
2079,69978,Alice,Bad,Payment,203,1,Yes,4,Yes
2080,89714,David,Neutral,Billing,141,5,Yes,4,Yes
2081,56707,Eve,Good,Shipping,130,1,Yes,4,No
2082,85754,David,Neutral,Shipping,55,5,No,2,No
2083,97513,Charlie,Good,Delivery,113,4,No,1,No
2084,96799,Charlie,Bad,Delivery,113,3,No,3,No
2085,18362,Bob,Bad,Damaged,98,4,No,5,No
2086,51652,Bob,Good,Return,42,4,Yes,1,No
2087,90816,Charlie,Good,Payment,103,3,Yes,2,Yes
2088,70146,Eve,Good,Return,58,2,No,1,Yes
2089,24995,David,Bad,Technical,75,5,No,5,Yes
2090,47061,Alice,Bad,Damaged,13,1,Yes,2,No
2091,38666,Alice,Good,Delivery,31,2,Yes,5,Yes
2092,32530,Bob,Good,Payment,189,1,Yes,1,Yes
2093,18273,Charlie,Bad,Delivery,299,2,Yes,1,No
2094,39474,Charlie,Neutral,Shipping,251,4,Yes,1,Yes
2095,38500,David,Good,Delivery,243,3,No,5,No
2096,97014,Alice,Good,Payment,165,5,Yes,4,No
2097,47123,Eve,Bad,Billing,134,1,Yes,2,Yes
2098,32797,Bob,Bad,Payment,24,1,Yes,5,No
2099,26750,Alice,Bad,Billing,296,4,No,3,Yes
